Participantes do grupo ART - GRC CREA PA
Endereço de e-mail,Apelido,Status do grupo,Status do e-mail,Preferência de e-mail,Permissões de postagem,Ano de inscrição,Mês de inscrição,Dia de inscrição,Hora de inscrição,Minuto de inscrição,Segundo de inscrição,Fuso horário
andreaalbuquerque@creapa.com.br,,participante,,"e-mail","permitido",2018,1,16,5,20,49,Fuso horário padrão do Pacífico
cleidianesilva@creapa.com.br,,participante,,"e-mail","permitido",2018,1,16,5,21,16,Fuso horário padrão do Pacífico
djalma@creapa.com.br,,participante,,"e-mail","permitido",2018,1,16,5,21,45,Fuso horário padrão do Pacífico
fafadocarmo@creapa.com.br,,participante,,"e-mail","permitido",2018,1,16,5,23,44,Fuso horário padrão do Pacífico
fernandastm@creapa.com.br,,participante,,"e-mail","permitido",2018,1,16,5,22,4,Fuso horário padrão do Pacífico
heloisa@creapa.com.br,,participante,,"e-mail","permitido",2018,1,16,5,20,15,Fuso horário padrão do Pacífico
mercia@creapa.com.br,,proprietário,,"e-mail","permitido",2018,1,16,3,50,56,Fuso horário padrão do Pacífico
migracaozimbra@creapa.com.br,,participante,,"e-mail","permitido",2021,1,20,8,49,16,Fuso horário padrão do Pacífico
negreiros@creapa.com.br,,participante,,"e-mail","permitido",2018,8,30,5,36,37,Fuso horário padrão do Pacífico
rita@creapa.com.br,,participante,,"e-mail","permitido",2018,1,16,5,20,33,Fuso horário padrão do Pacífico
sholini@creapa.com.br,,participante,,"e-mail","permitido",2018,1,16,5,24,3,Fuso horário padrão do Pacífico
tacyane@creapa.com.br,,participante,,"e-mail","permitido",2018,1,16,5,21,29,Fuso horário padrão do Pacífico