Participantes do grupo Atendimento CREA-PA
Endereço de e-mail,Apelido,Status do grupo,Status do e-mail,Preferência de e-mail,Permissões de postagem,Ano de inscrição,Mês de inscrição,Dia de inscrição,Hora de inscrição,Minuto de inscrição,Segundo de inscrição,Fuso horário
cledianealves@creapa.com.br,,proprietário,,"e-mail","permitido",2020,3,20,8,54,0,Fuso horário padrão do Pacífico
cleidianesilva@creapa.com.br,,proprietário,,"e-mail","permitido",2020,3,20,8,54,0,Fuso horário padrão do Pacífico
ercioaraujo@creapa.com.br,,proprietário,,"e-mail","permitido",2020,3,20,8,54,0,Fuso horário padrão do Pacífico
fernandastm@creapa.com.br,,proprietário,,"e-mail","permitido",2020,3,20,8,54,0,Fuso horário padrão do Pacífico
lizsilva@creapa.com.br,,participante,,"e-mail","permitido",2020,3,26,7,57,18,Fuso horário padrão do Pacífico
mauriliocastro@creapa.com.br,,participante,,"e-mail","permitido",2020,11,9,3,31,40,Fuso horário padrão do Pacífico
migracaozimbra@creapa.com.br,,participante,,"e-mail","permitido",2021,1,20,8,55,18,Fuso horário padrão do Pacífico
polianasilva@creapa.com.br,,participante,,"e-mail","permitido",2020,3,26,8,0,13,Fuso horário padrão do Pacífico
telma@creapa.com.br,,proprietário,,"e-mail","permitido",2020,3,20,8,54,0,Fuso horário padrão do Pacífico
thaisepadilha@creapa.com.br,,participante,,"e-mail","permitido",2020,3,26,8,2,24,Fuso horário padrão do Pacífico
thayslima@creapa.com.br,,participante,,"e-mail","permitido",2020,4,2,5,22,43,Fuso horário padrão do Pacífico