Participantes do grupo Cadastro Geral
Endereço de e-mail,Apelido,Status do grupo,Status do e-mail,Preferência de e-mail,Permissões de postagem,Ano de inscrição,Mês de inscrição,Dia de inscrição,Hora de inscrição,Minuto de inscrição,Segundo de inscrição,Fuso horário
adrianafalconeri@creapa.com.br,,participante,,"e-mail","permitido",2018,8,13,8,34,39,Fuso horário padrão do Pacífico
alberto@creapa.com.br,,participante,,"e-mail","permitido",2018,8,13,8,34,39,Fuso horário padrão do Pacífico
anaclaudia@creapa.com.br,,participante,,"e-mail","permitido",2018,8,13,8,34,53,Fuso horário padrão do Pacífico
andreaalbuquerque@creapa.com.br,,participante,,"e-mail","permitido",2018,8,13,8,34,39,Fuso horário padrão do Pacífico
andresantos@creapa.com.br,,participante,,"e-mail","permitido",2019,5,3,8,38,12,Fuso horário padrão do Pacífico
bernadetelopes@creapa.com.br,,participante,,"e-mail","permitido",2018,8,13,8,34,53,Fuso horário padrão do Pacífico
cadastro@creapa.com.br,,participante,,"e-mail","permitido",2018,8,13,8,34,39,Fuso horário padrão do Pacífico
cezarborgonove@creapa.com.br,,participante,,"e-mail","permitido",2018,8,13,8,34,53,Fuso horário padrão do Pacífico
claudeanemoraes@creapa.com.br,,participante,,"e-mail","permitido",2018,8,13,8,34,39,Fuso horário padrão do Pacífico
djalma@creapa.com.br,,participante,,"e-mail","permitido",2018,8,13,8,34,53,Fuso horário padrão do Pacífico
edilene@creapa.com.br,,participante,,"e-mail","permitido",2018,8,13,8,34,39,Fuso horário padrão do Pacífico
ercioaraujo@creapa.com.br,,participante,,"e-mail","permitido",2018,8,13,8,34,39,Fuso horário padrão do Pacífico
eronilda@creapa.com.br,,participante,,"e-mail","permitido",2018,8,13,8,34,53,Fuso horário padrão do Pacífico
fabianaximenes@creapa.com.br,,participante,,"e-mail","permitido",2018,8,13,8,34,53,Fuso horário padrão do Pacífico
fafadocarmo@creapa.com.br,,participante,,"e-mail","permitido",2018,8,13,8,34,53,Fuso horário padrão do Pacífico
fernandastm@creapa.com.br,,participante,,"e-mail","permitido",2018,8,13,8,34,53,Fuso horário padrão do Pacífico
heloisa@creapa.com.br,,participante,,"e-mail","permitido",2018,8,13,8,34,39,Fuso horário padrão do Pacífico
jaquelinelima@creapa.com.br,,participante,,"e-mail","permitido",2018,8,13,8,34,39,Fuso horário padrão do Pacífico
lediane@creapa.com.br,,participante,,"e-mail","permitido",2018,8,13,8,34,39,Fuso horário padrão do Pacífico
luizclaudio@creapa.com.br,,participante,,"e-mail","permitido",2018,8,13,8,34,39,Fuso horário padrão do Pacífico
luzia@creapa.com.br,,participante,,"e-mail","permitido",2018,8,13,8,34,53,Fuso horário padrão do Pacífico
mercia@creapa.com.br,,participante,,"e-mail","permitido",2018,8,13,8,34,39,Fuso horário padrão do Pacífico
migracaozimbra@creapa.com.br,,participante,,"e-mail","permitido",2021,1,20,8,55,40,Fuso horário padrão do Pacífico
paula@creapa.com.br,,participante,,"e-mail","permitido",2018,8,14,8,10,24,Fuso horário padrão do Pacífico
ramonsilva@creapa.com.br,,participante,devolvido,"e-mail","não permitido",2019,3,13,4,48,38,Fuso horário padrão do Pacífico
rita@creapa.com.br,,participante,,"e-mail","permitido",2018,8,13,8,34,39,Fuso horário padrão do Pacífico
rodolfolima@creapa.com.br,,participante,,"e-mail","permitido",2019,8,6,5,35,44,Fuso horário padrão do Pacífico
rodrigorocha@creapa.com.br,,participante,,"e-mail","permitido",2018,8,13,8,34,53,Fuso horário padrão do Pacífico
ruicarvalho@creapa.com.br,,participante,,"e-mail","permitido",2018,8,13,8,34,53,Fuso horário padrão do Pacífico
ruticileneribeiro@creapa.com.br,,participante,,"e-mail","permitido",2018,8,13,8,34,53,Fuso horário padrão do Pacífico
sandrafelizardo@creapa.com.br,,participante,,"e-mail","permitido",2018,8,13,8,34,53,Fuso horário padrão do Pacífico
sholini@creapa.com.br,,participante,,"e-mail","permitido",2018,8,13,8,34,39,Fuso horário padrão do Pacífico
silviopimentel@creapa.com.br,,participante,,"e-mail","permitido",2018,8,13,8,34,53,Fuso horário padrão do Pacífico
tacyane@creapa.com.br,,participante,,"e-mail","permitido",2018,8,13,8,34,39,Fuso horário padrão do Pacífico
thaisepadilha@creapa.com.br,,participante,,"e-mail","permitido",2020,5,25,8,41,12,Fuso horário padrão do Pacífico
vamaramoraes@creapa.com.br,,participante,,"e-mail","permitido",2018,8,13,8,34,39,Fuso horário padrão do Pacífico
xambearantes@creapa.com.br,,participante,,"e-mail","permitido",2018,8,13,8,34,53,Fuso horário padrão do Pacífico