Participantes do grupo Cadastro - CREA PA
Endereço de e-mail,Apelido,Status do grupo,Status do e-mail,Preferência de e-mail,Permissões de postagem,Ano de inscrição,Mês de inscrição,Dia de inscrição,Hora de inscrição,Minuto de inscrição,Segundo de inscrição,Fuso horário
andresantos@creapa.com.br,,participante,,"e-mail","permitido",2019,5,17,6,19,33,Fuso horário padrão do Pacífico
b2link@b2link.com.br,,banido,devolvido,"sem e-mail","não permitido",1969,12,31,16,0,0,Fuso horário padrão do Pacífico
bases@directspc.com.br,,banido,,"sem e-mail","não permitido",1969,12,31,16,0,0,Fuso horário padrão do Pacífico
bases@gohop.com.br,,banido,devolvido,"sem e-mail","não permitido",1969,12,31,16,0,0,Fuso horário padrão do Pacífico
beatriz@dcg.leadm2.net.br,,banido,devolvido,"sem e-mail","não permitido",1969,12,31,16,0,0,Fuso horário padrão do Pacífico
bemmaisseguro@smashin.com.br,,banido,,"sem e-mail","não permitido",1969,12,31,16,0,0,Fuso horário padrão do Pacífico
boletim@emaisonline.com.br,,banido,,"sem e-mail","não permitido",1969,12,31,16,0,0,Fuso horário padrão do Pacífico
bradesco-saude@planosbr.com.br,,banido,,"sem e-mail","não permitido",1969,12,31,16,0,0,Fuso horário padrão do Pacífico
carlos@br.oberon.net.br,,banido,,"sem e-mail","não permitido",1969,12,31,16,0,0,Fuso horário padrão do Pacífico
cledianealves@creapa.com.br,,participante,,"e-mail","permitido",2020,3,18,4,44,34,Fuso horário padrão do Pacífico
cliente@smashin.com.br,,banido,devolvido,"sem e-mail","não permitido",1969,12,31,16,0,0,Fuso horário padrão do Pacífico
comercialbrastemp@smashin.com.br,,banido,,"sem e-mail","não permitido",1969,12,31,16,0,0,Fuso horário padrão do Pacífico
conceicao@creapa.com.br,"conceicao",participante,,"e-mail","permitido",2016,3,18,10,21,46,Fuso horário padrão do Pacífico
contato@bispobranco.com.br,,banido,devolvido,"sem e-mail","não permitido",1969,12,31,16,0,0,Fuso horário padrão do Pacífico
contato@centaurusserver.com.br,,banido,devolvido,"sem e-mail","não permitido",1969,12,31,16,0,0,Fuso horário padrão do Pacífico
contato@descontissimos.com.br,,banido,,"sem e-mail","não permitido",1969,12,31,16,0,0,Fuso horário padrão do Pacífico
contato@ekamari.com.br,,banido,devolvido,"sem e-mail","não permitido",1969,12,31,16,0,0,Fuso horário padrão do Pacífico
contato@kamari.ind.br,,banido,devolvido,"sem e-mail","não permitido",1969,12,31,16,0,0,Fuso horário padrão do Pacífico
contato@publicaweb001.com.br,,banido,,"sem e-mail","não permitido",1969,12,31,16,0,0,Fuso horário padrão do Pacífico
contato@torrepreta.com.br,,banido,,"sem e-mail","não permitido",1969,12,31,16,0,0,Fuso horário padrão do Pacífico
cotaplanos@portaldinegocios.com.br,,banido,,"sem e-mail","não permitido",1969,12,31,16,0,0,Fuso horário padrão do Pacífico
cuidedasuasaude@produtoslive101.com.br,,banido,,"sem e-mail","não permitido",1969,12,31,16,0,0,Fuso horário padrão do Pacífico
cursoemagrecimento@saude11total.com.br,,banido,,"sem e-mail","não permitido",1969,12,31,16,0,0,Fuso horário padrão do Pacífico
dalva@creapa.com.br,"dalva",participante,,"e-mail","permitido",2016,2,11,5,5,7,Fuso horário padrão do Pacífico
datasend@smkserver.com.br,,banido,,"sem e-mail","não permitido",1969,12,31,16,0,0,Fuso horário padrão do Pacífico
denisefacanha@creapa.com.br,"denisefacanha",participante,,"e-mail","permitido",2016,2,11,5,5,7,Fuso horário padrão do Pacífico
denize@creapa.com.br,"denize",participante,,"e-mail","permitido",2016,3,18,10,21,46,Fuso horário padrão do Pacífico
dulce@creapa.com.br,"dulce",participante,,"e-mail","permitido",2016,2,11,5,5,7,Fuso horário padrão do Pacífico
ecommerce@inegociosweb.com.br,,banido,,"sem e-mail","não permitido",1969,12,31,16,0,0,Fuso horário padrão do Pacífico
empresa@emaisonline.com.br,,banido,,"sem e-mail","não permitido",1969,12,31,16,0,0,Fuso horário padrão do Pacífico
envio@centraldousuarioonline.com.br,,banido,,"sem e-mail","não permitido",1969,12,31,16,0,0,Fuso horário padrão do Pacífico
envio@ivendasonline.com.br,,banido,,"sem e-mail","não permitido",1969,12,31,16,0,0,Fuso horário padrão do Pacífico
envio@portaldinegocios.com.br,,banido,,"sem e-mail","não permitido",1969,12,31,16,0,0,Fuso horário padrão do Pacífico
ercioaraujo@creapa.com.br,,participante,,"e-mail","permitido",2018,10,10,5,10,33,Fuso horário padrão do Pacífico
gabriel@br.tita.net.br,,banido,,"sem e-mail","não permitido",1969,12,31,16,0,0,Fuso horário padrão do Pacífico
gady@creapa.com.br,"gady",participante,,"e-mail","permitido",2016,2,11,5,5,7,Fuso horário padrão do Pacífico
gaudi_amcorp@nawebbr.com.br,,banido,,"sem e-mail","não permitido",1969,12,31,16,0,0,Fuso horário padrão do Pacífico
giselelaiz@creapa.com.br,"giselelaiz",participante,,"e-mail","permitido",2016,2,11,5,5,7,Fuso horário padrão do Pacífico
internet-tim@hotvendas221.com.br,,banido,,"sem e-mail","não permitido",1969,12,31,16,0,0,Fuso horário padrão do Pacífico
joao@jk.mercurioserver.net.br,,banido,,"sem e-mail","não permitido",1969,12,31,16,0,0,Fuso horário padrão do Pacífico
julia@jk.uranoserver.net.br,,banido,,"sem e-mail","não permitido",1969,12,31,16,0,0,Fuso horário padrão do Pacífico
karinapinto@creapa.com.br,,participante,,"e-mail","permitido",2018,6,11,8,3,28,Fuso horário padrão do Pacífico
lara@cia.m2media.net.br,,banido,,"sem e-mail","não permitido",1969,12,31,16,0,0,Fuso horário padrão do Pacífico
lara@dcg.leadm2.net.br,,banido,,"sem e-mail","não permitido",1969,12,31,16,0,0,Fuso horário padrão do Pacífico
laura@mix.mailsender.net.br,,banido,,"sem e-mail","não permitido",1969,12,31,16,0,0,Fuso horário padrão do Pacífico
leandro@dcg.leadm2.net.br,,banido,,"sem e-mail","não permitido",1969,12,31,16,0,0,Fuso horário padrão do Pacífico
leandro@mta.webmidia21.net.br,,banido,,"sem e-mail","não permitido",1969,12,31,16,0,0,Fuso horário padrão do Pacífico
lucas@dcg.shopbr3.net.br,,banido,,"sem e-mail","não permitido",1969,12,31,16,0,0,Fuso horário padrão do Pacífico
luisa@tap.foxmedia.net.br,,banido,,"sem e-mail","não permitido",1969,12,31,16,0,0,Fuso horário padrão do Pacífico
maca@agenciaprasaude.com.br,,banido,,"sem e-mail","não permitido",1969,12,31,16,0,0,Fuso horário padrão do Pacífico
mail@opex.com.br,,banido,,"sem e-mail","não permitido",1969,12,31,16,0,0,Fuso horário padrão do Pacífico
marciosalomao@creapa.com.br,"marciosalomao",participante,,"e-mail","permitido",2016,2,11,5,5,7,Fuso horário padrão do Pacífico
marcusfrank@creapa.com.br,"marcusfrank",participante,,"e-mail","permitido",2016,2,11,5,5,7,Fuso horário padrão do Pacífico
mauriliocastro@creapa.com.br,,participante,,"e-mail","permitido",2020,11,9,3,32,15,Fuso horário padrão do Pacífico
melhoresplanos@emaisonline.com.br,,banido,,"sem e-mail","não permitido",1969,12,31,16,0,0,Fuso horário padrão do Pacífico
mercia@creapa.com.br,"mercia",participante,,"e-mail","permitido",2016,2,11,5,5,7,Fuso horário padrão do Pacífico
migracaozimbra@creapa.com.br,,participante,,"e-mail","permitido",2021,1,20,8,55,25,Fuso horário padrão do Pacífico
mkt@post25web.com.br,,banido,,"sem e-mail","não permitido",1969,12,31,16,0,0,Fuso horário padrão do Pacífico
nao-responda@digital007.com.br,,banido,,"sem e-mail","não permitido",1969,12,31,16,0,0,Fuso horário padrão do Pacífico
nao-responda@hotvendas221.com.br,,banido,,"sem e-mail","não permitido",1969,12,31,16,0,0,Fuso horário padrão do Pacífico
nao-responda@ivendasonline.com.br,,banido,devolvido,"sem e-mail","não permitido",1969,12,31,16,0,0,Fuso horário padrão do Pacífico
nao-responda@maismail.com.br,,banido,devolvido,"sem e-mail","não permitido",1969,12,31,16,0,0,Fuso horário padrão do Pacífico
nao-responda@portalvenda.com.br,,banido,devolvido,"sem e-mail","não permitido",1969,12,31,16,0,0,Fuso horário padrão do Pacífico
nao-responda@sales76w.com.br,,banido,devolvido,"sem e-mail","não permitido",1969,12,31,16,0,0,Fuso horário padrão do Pacífico
nao-responda@w2k7.com.br,,banido,devolvido,"sem e-mail","não permitido",1969,12,31,16,0,0,Fuso horário padrão do Pacífico
negreiros@creapa.com.br,"negreiros",participante,,"e-mail","permitido",2016,2,11,5,5,7,Fuso horário padrão do Pacífico
netcombo@smashin.com.br,,banido,,"sem e-mail","não permitido",1969,12,31,16,0,0,Fuso horário padrão do Pacífico
news@crunk.com.br,,banido,,"sem e-mail","não permitido",1969,12,31,16,0,0,Fuso horário padrão do Pacífico
newsletter@economizar-na-web.com.br,,banido,devolvido,"sem e-mail","não permitido",1969,12,31,16,0,0,Fuso horário padrão do Pacífico
newsletter@videnciagratisonline.com.br,,banido,devolvido,"sem e-mail","não permitido",1969,12,31,16,0,0,Fuso horário padrão do Pacífico
orcamento@portaldinegocios.com.br,,banido,devolvido,"sem e-mail","não permitido",1969,12,31,16,0,0,Fuso horário padrão do Pacífico
orcamento@saude11total.com.br,,banido,,"sem e-mail","não permitido",1969,12,31,16,0,0,Fuso horário padrão do Pacífico
perca-o-medo-de-falar@mandei4web.com.br,,banido,,"sem e-mail","não permitido",1969,12,31,16,0,0,Fuso horário padrão do Pacífico
planosamil@brspplanos.com.br,,banido,,"sem e-mail","não permitido",1969,12,31,16,0,0,Fuso horário padrão do Pacífico
planosbradesco@brspplanos.com.br,,banido,,"sem e-mail","não permitido",1969,12,31,16,0,0,Fuso horário padrão do Pacífico
planosdesaude@portaldinegocios.com.br,,banido,,"sem e-mail","não permitido",1969,12,31,16,0,0,Fuso horário padrão do Pacífico
proposta@k7mail.com.br,,banido,,"sem e-mail","não permitido",1969,12,31,16,0,0,Fuso horário padrão do Pacífico
quali@qualisaudes.com.br,,banido,,"sem e-mail","não permitido",1969,12,31,16,0,0,Fuso horário padrão do Pacífico
ramonsilva@creapa.com.br,,participante,devolvido,"sem e-mail","não permitido",2019,3,13,4,48,55,Fuso horário padrão do Pacífico
resposta@beneficiosdeensino.com.br,,banido,,"sem e-mail","não permitido",1969,12,31,16,0,0,Fuso horário padrão do Pacífico
resposta@empresadeensino.com.br,,banido,,"sem e-mail","não permitido",1969,12,31,16,0,0,Fuso horário padrão do Pacífico
return@casaraodafa.com.br,,banido,,"sem e-mail","não permitido",1969,12,31,16,0,0,Fuso horário padrão do Pacífico
ricardo@jt.pontomidia.net.br,,banido,,"sem e-mail","não permitido",1969,12,31,16,0,0,Fuso horário padrão do Pacífico
robertocarlos@creapa.com.br,"robertocarlos",participante,,"e-mail","permitido",2016,3,18,10,21,46,Fuso horário padrão do Pacífico
sd@a.cliqueagora.net.br,,banido,,"sem e-mail","não permitido",1969,12,31,16,0,0,Fuso horário padrão do Pacífico
sd@k.cliqueagora.net.br,,banido,,"sem e-mail","não permitido",1969,12,31,16,0,0,Fuso horário padrão do Pacífico
sd@p.cliqueagora.net.br,,banido,,"sem e-mail","não permitido",1969,12,31,16,0,0,Fuso horário padrão do Pacífico
segundavia_ped66@sistemaudialgar.onmicrosoft.com,,banido,,"sem e-mail","não permitido",1969,12,31,16,0,0,Fuso horário padrão do Pacífico
send2@host2.noc20br.com.br,,banido,,"sem e-mail","não permitido",1969,12,31,16,0,0,Fuso horário padrão do Pacífico
send@hotvendas221.com.br,,banido,,"sem e-mail","não permitido",1969,12,31,16,0,0,Fuso horário padrão do Pacífico
sholini@creapa.com.br,,participante,,"e-mail","permitido",2018,2,8,9,0,41,Fuso horário padrão do Pacífico
silvia@creapa.com.br,,participante,,"e-mail","permitido",2018,7,12,4,33,4,Fuso horário padrão do Pacífico
snd@a.cliquedez.net.br,,banido,,"sem e-mail","não permitido",1969,12,31,16,0,0,Fuso horário padrão do Pacífico
snd@a.contatodigital.net.br,,banido,,"sem e-mail","não permitido",1969,12,31,16,0,0,Fuso horário padrão do Pacífico
snd@a.km1.net.br,,banido,,"sem e-mail","não permitido",1969,12,31,16,0,0,Fuso horário padrão do Pacífico
snd@b.cliquedez.net.br,,banido,,"sem e-mail","não permitido",1969,12,31,16,0,0,Fuso horário padrão do Pacífico
snd@b.km1.net.br,,banido,,"sem e-mail","não permitido",1969,12,31,16,0,0,Fuso horário padrão do Pacífico
snd@d.cliquedez.net.br,,banido,,"sem e-mail","não permitido",1969,12,31,16,0,0,Fuso horário padrão do Pacífico
snd@d.km1.net.br,,banido,,"sem e-mail","não permitido",1969,12,31,16,0,0,Fuso horário padrão do Pacífico
snd@f.cliqueagora.net.br,,banido,,"sem e-mail","não permitido",1969,12,31,16,0,0,Fuso horário padrão do Pacífico
snd@f.contatodigital.net.br,,banido,,"sem e-mail","não permitido",1969,12,31,16,0,0,Fuso horário padrão do Pacífico
snd@g.hottmail.com.br,,banido,,"sem e-mail","não permitido",1969,12,31,16,0,0,Fuso horário padrão do Pacífico
snd@i.hottmail.com.br,,banido,,"sem e-mail","não permitido",1969,12,31,16,0,0,Fuso horário padrão do Pacífico
sulamerica@brspplanos.com.br,,banido,,"sem e-mail","não permitido",1969,12,31,16,0,0,Fuso horário padrão do Pacífico
sulamericaonline@planosbr.com.br,,banido,,"sem e-mail","não permitido",1969,12,31,16,0,0,Fuso horário padrão do Pacífico
thayslima@creapa.com.br,,participante,,"e-mail","permitido",2020,4,2,5,28,23,Fuso horário padrão do Pacífico
vendas@k7mail.com.br,,banido,,"sem e-mail","não permitido",1969,12,31,16,0,0,Fuso horário padrão do Pacífico
vida@pritur.com.br,,banido,,"sem e-mail","não permitido",1969,12,31,16,0,0,Fuso horário padrão do Pacífico
videos-perca-peso@educa2016.com.br,,banido,,"sem e-mail","não permitido",1969,12,31,16,0,0,Fuso horário padrão do Pacífico
vitoriafreitas@creapa.com.br,,participante,,"e-mail","permitido",2018,3,26,8,7,37,Fuso horário padrão do Pacífico
vivo-ilimitado@hotvendas221.com.br,,banido,,"sem e-mail","não permitido",1969,12,31,16,0,0,Fuso horário padrão do Pacífico