Participantes do grupo CAF - CREA PA
Endereço de e-mail,Apelido,Status do grupo,Status do e-mail,Preferência de e-mail,Permissões de postagem,Ano de inscrição,Mês de inscrição,Dia de inscrição,Hora de inscrição,Minuto de inscrição,Segundo de inscrição,Fuso horário
analuzia@creapa.com.br,"analuzia",participante,,"e-mail","permitido",2016,2,11,5,6,9,Fuso horário padrão do Pacífico
bruna@creapa.com.br,"bruna",participante,,"e-mail","permitido",2016,2,11,5,6,9,Fuso horário padrão do Pacífico
clodoaldo@creapa.com.br,"clodoaldo",participante,,"e-mail","permitido",2016,2,11,5,6,9,Fuso horário padrão do Pacífico
erick@creapa.com.br,"erick",participante,,"e-mail","permitido",2016,2,11,5,6,9,Fuso horário padrão do Pacífico
gabrielrocha@creapa.com.br,"vanessabarroso",participante,,"e-mail","permitido",2016,2,11,5,6,9,Fuso horário padrão do Pacífico
haroldo@creapa.com.br,"haroldo",participante,,"e-mail","permitido",2016,2,11,5,6,9,Fuso horário padrão do Pacífico
migracaozimbra@creapa.com.br,,participante,,"e-mail","permitido",2021,1,20,8,55,51,Fuso horário padrão do Pacífico
odir@creapa.com.br,"odir",participante,,"e-mail","permitido",2016,2,11,5,6,9,Fuso horário padrão do Pacífico
rosinete@creapa.com.br,"rosinete",participante,,"e-mail","permitido",2016,2,11,5,6,9,Fuso horário padrão do Pacífico
verenamargalho@creapa.com.br,"verenamargalho",participante,,"e-mail","permitido",2016,2,11,5,6,9,Fuso horário padrão do Pacífico
weslleysantos@creapa.com.br,"weslleysantos",participante,,"e-mail","permitido",2016,2,11,5,6,9,Fuso horário padrão do Pacífico