Participantes do grupo cer-crea-pa
Endereço de e-mail,Apelido,Status do grupo,Status do e-mail,Preferência de e-mail,Permissões de postagem,Ano de inscrição,Mês de inscrição,Dia de inscrição,Hora de inscrição,Minuto de inscrição,Segundo de inscrição,Fuso horário
beatriz.vasconcelos@celpa.com.br,,participante,,"e-mail","permitido",2017,8,29,6,35,36,Fuso horário padrão do Pacífico
beto@creapa.com.br,,participante,,"e-mail","permitido",2017,8,29,6,34,36,Fuso horário padrão do Pacífico
helena@creapa.com.br,,participante,,"e-mail","permitido",2017,8,29,6,34,52,Fuso horário padrão do Pacífico
hugomsq@hotmail.com,,participante,,"e-mail","permitido",2017,8,29,6,36,3,Fuso horário padrão do Pacífico
jn.avalia@gmail.com,,participante,,"e-mail","permitido",2017,8,29,6,35,24,Fuso horário padrão do Pacífico
migracaozimbra@creapa.com.br,,participante,,"e-mail","permitido",2021,1,20,8,56,4,Fuso horário padrão do Pacífico
pab_cab13@yahoo.com,,participante,devolvido,"sem e-mail","permitido",2017,12,15,12,13,27,Fuso horário padrão do Pacífico
sergio@creapa.com.br,,participante,,"e-mail","permitido",2017,8,29,6,35,7,Fuso horário padrão do Pacífico
vitor_engenharia@hotmail.com,,participante,,"e-mail","permitido",2017,8,29,6,35,50,Fuso horário padrão do Pacífico