Participantes do grupo Setor de Cobrança
Endereço de e-mail,Apelido,Status do grupo,Status do e-mail,Preferência de e-mail,Permissões de postagem,Ano de inscrição,Mês de inscrição,Dia de inscrição,Hora de inscrição,Minuto de inscrição,Segundo de inscrição,Fuso horário
arleycarvalho@creapa.com.br,,participante,,"e-mail","permitido",2019,10,21,6,26,56,Fuso horário padrão do Pacífico
auriceliamartins@creapa.com.br,,participante,,"e-mail","permitido",2020,3,18,7,11,6,Fuso horário padrão do Pacífico
eduardo@creapa.com.br,,participante,,"e-mail","permitido",2019,6,19,6,10,24,Fuso horário padrão do Pacífico
israelcoelho@creapa.com.br,,participante,,"e-mail","permitido",2020,3,24,9,39,38,Fuso horário padrão do Pacífico
migracaozimbra@creapa.com.br,,participante,,"e-mail","permitido",2021,1,20,10,29,42,Fuso horário padrão do Pacífico
taianerodrigues@creapa.com.br,,participante,,"e-mail","permitido",2020,4,30,10,7,29,Fuso horário padrão do Pacífico