Participantes do grupo Comissão
Endereço de e-mail,Apelido,Status do grupo,Status do e-mail,Preferência de e-mail,Permissões de postagem,Ano de inscrição,Mês de inscrição,Dia de inscrição,Hora de inscrição,Minuto de inscrição,Segundo de inscrição,Fuso horário
assessoriaparlamentar@creapa.com.br,,participante,,"e-mail","permitido",2019,2,6,7,45,26,Fuso horário padrão do Pacífico
jefersonlima@creapa.com.br,,participante,,"e-mail","permitido",2019,2,6,7,42,34,Fuso horário padrão do Pacífico
migracaozimbra@creapa.com.br,,participante,,"e-mail","permitido",2021,1,20,8,56,19,Fuso horário padrão do Pacífico
valmar@creapa.com.br,,participante,devolvido,"e-mail","não permitido",2019,2,6,7,42,34,Fuso horário padrão do Pacífico