Participantes do grupo Conselheiros titulares
Endereço de e-mail,Apelido,Status do grupo,Status do e-mail,Preferência de e-mail,Permissões de postagem,Ano de inscrição,Mês de inscrição,Dia de inscrição,Hora de inscrição,Minuto de inscrição,Segundo de inscrição,Fuso horário
alemar@ufpa.br,,participante,,"e-mail","permitido",2018,2,6,3,52,11,Fuso horário padrão do Pacífico
alessandros.araujo@hotmail.com,,participante,,"e-mail","permitido",2018,2,6,3,52,11,Fuso horário padrão do Pacífico
almir.civil@gmail.com,,participante,,"e-mail","permitido",2018,2,6,3,52,11,Fuso horário padrão do Pacífico
anazeliateles@yahoo.com.br,,participante,,"e-mail","permitido",2018,5,14,4,53,3,Fuso horário padrão do Pacífico
antonioneto.4391@gmail.com,,participante,,"e-mail","permitido",2018,2,6,3,52,11,Fuso horário padrão do Pacífico
antonioni.17111956@gmail.com,,participante,,"e-mail","permitido",2018,2,6,3,52,11,Fuso horário padrão do Pacífico
carlodomingues@yahoo.com.br,,participante,,"e-mail","permitido",2018,2,6,3,52,18,Fuso horário padrão do Pacífico
claudiorogeriolcosta@gmail.com,,participante,,"e-mail","permitido",2018,5,14,4,53,3,Fuso horário padrão do Pacífico
cleber01@msn.com,,participante,,"e-mail","permitido",2018,2,6,3,52,18,Fuso horário padrão do Pacífico
couto.mario@yahoo.com.br,,participante,,"e-mail","permitido",2018,2,6,3,52,18,Fuso horário padrão do Pacífico
ebgertec@terra.com.br,,participante,,"e-mail","permitido",2018,2,6,3,52,11,Fuso horário padrão do Pacífico
eliandrade007@gmail.com,,participante,,"e-mail","permitido",2018,2,6,3,52,18,Fuso horário padrão do Pacífico
engcivil.stm@ulbra.br,,participante,,"e-mail","permitido",2018,3,27,7,8,2,Fuso horário padrão do Pacífico
engeletrica2005@terra.com.br,,participante,,"e-mail","permitido",2018,2,6,3,52,18,Fuso horário padrão do Pacífico
engpaulapinheiro@gmail.com,,participante,,"e-mail","permitido",2018,2,6,3,52,11,Fuso horário padrão do Pacífico
fernando.lima@trf1.jus.br,,participante,,"e-mail","permitido",2018,2,6,3,52,18,Fuso horário padrão do Pacífico
financeirosenenge@gmail.com,,participante,,"e-mail","permitido",2018,2,6,3,52,18,Fuso horário padrão do Pacífico
flimasrfb@hotmail.com,,participante,,"e-mail","permitido",2018,2,6,3,52,18,Fuso horário padrão do Pacífico
immlt@hotmail.com,,participante,,"e-mail","permitido",2018,2,6,3,52,11,Fuso horário padrão do Pacífico
josewleal@hotmail.com,,participante,,"e-mail","permitido",2018,2,6,3,52,11,Fuso horário padrão do Pacífico
juarezco@terra.com.br,,participante,,"e-mail","permitido",2018,2,6,3,52,18,Fuso horário padrão do Pacífico
luccasvmiranda@gmail.com,,participante,,"e-mail","permitido",2018,2,6,3,52,18,Fuso horário padrão do Pacífico
menezesmarlon@hotmail.com,,participante,,"e-mail","permitido",2018,2,6,3,52,11,Fuso horário padrão do Pacífico
migracaozimbra@creapa.com.br,,participante,,"e-mail","permitido",2021,1,20,8,57,29,Fuso horário padrão do Pacífico
nascimentopastana2@hotmail.com,,participante,,"e-mail","permitido",2018,2,6,3,52,11,Fuso horário padrão do Pacífico
nillolinhares@uol.com.br,,participante,,"e-mail","permitido",2018,2,6,3,52,18,Fuso horário padrão do Pacífico
nilmamar@hotmail.com,,participante,,"e-mail","permitido",2018,2,6,3,52,11,Fuso horário padrão do Pacífico
noefarias10@hotmail.com,,participante,,"e-mail","permitido",2018,2,6,3,52,11,Fuso horário padrão do Pacífico
nsoeiro%ufpa.br@gtempaccount.com,,participante,,"e-mail","permitido",2018,2,6,3,52,18,Fuso horário padrão do Pacífico
ordonezaugusto@hotmail.com,,participante,,"e-mail","permitido",2018,2,6,3,52,11,Fuso horário padrão do Pacífico
pab_ca13@yahoo.com.br,,participante,,"e-mail","permitido",2018,2,6,3,52,11,Fuso horário padrão do Pacífico
pauloecbrito@gmail.com,,participante,,"e-mail","permitido",2018,2,6,3,52,11,Fuso horário padrão do Pacífico
pcmnetto@terra.com.br,,participante,,"e-mail","permitido",2018,2,6,3,52,18,Fuso horário padrão do Pacífico
pedromota86@outlook.com,,participante,,"e-mail","permitido",2018,2,6,3,52,18,Fuso horário padrão do Pacífico
r7j4l5b7@yahoo.com.br,,participante,,"e-mail","permitido",2018,2,6,3,52,18,Fuso horário padrão do Pacífico
raimundo.oliveira-junior@embrapa.br,,participante,,"e-mail","permitido",2020,7,9,13,46,1,Fuso horário padrão do Pacífico
ruidinamar@gmail.com,,participante,,"e-mail","permitido",2018,2,6,3,52,18,Fuso horário padrão do Pacífico
scampana@hotmail.com,,participante,,"e-mail","permitido",2018,2,6,3,52,18,Fuso horário padrão do Pacífico
tatianemadeiro@gmail.com,,participante,,"e-mail","permitido",2018,2,6,3,52,11,Fuso horário padrão do Pacífico