Participantes do grupo Conselheiros suplentes
Endereço de e-mail,Apelido,Status do grupo,Status do e-mail,Preferência de e-mail,Permissões de postagem,Ano de inscrição,Mês de inscrição,Dia de inscrição,Hora de inscrição,Minuto de inscrição,Segundo de inscrição,Fuso horário
aledoce@ufpa.br,,participante,,"e-mail","não permitido",2020,10,10,13,3,14,Fuso horário padrão do Pacífico
alessandradoce16@gmail.com,,participante,,"e-mail","permitido",2018,2,6,3,54,31,Fuso horário padrão do Pacífico
amsolucoeseng@gmail.com,,participante,,"e-mail","permitido",2018,2,6,3,54,22,Fuso horário padrão do Pacífico
aserruya@uol.com.br,,participante,,"e-mail","permitido",2018,2,6,3,54,22,Fuso horário padrão do Pacífico
dinaldotrindade@gmail.com,,participante,,"e-mail","permitido",2018,2,6,3,54,31,Fuso horário padrão do Pacífico
dinaldotrindade@yahoo.com.br,,participante,,"e-mail","permitido",2018,2,6,3,54,31,Fuso horário padrão do Pacífico
dsbegot@gmail.com,,participante,,"e-mail","permitido",2018,2,6,3,54,31,Fuso horário padrão do Pacífico
edgardbraga54@gmail.com,,participante,,"e-mail","permitido",2018,2,6,3,54,22,Fuso horário padrão do Pacífico
eleanordias@gmail.com,,participante,,"e-mail","permitido",2018,2,6,3,54,22,Fuso horário padrão do Pacífico
ewertonreis@yahoo.com.br,,participante,,"e-mail","permitido",2018,2,6,3,54,22,Fuso horário padrão do Pacífico
fabioans.backup@gmail.com,,participante,,"e-mail","permitido",2018,2,6,3,54,31,Fuso horário padrão do Pacífico
fafvalle@hotmail.com,,participante,,"e-mail","permitido",2018,2,6,3,54,22,Fuso horário padrão do Pacífico
gerson.oliva@gmail.com,,participante,,"e-mail","permitido",2018,2,6,3,54,22,Fuso horário padrão do Pacífico
guilhermesmelo@gmail.com,,participante,,"e-mail","permitido",2018,2,6,3,54,22,Fuso horário padrão do Pacífico
jomar.lima.04@uol.com.br,,participante,,"e-mail","permitido",2018,2,6,3,54,31,Fuso horário padrão do Pacífico
Jordainemoreira@hotmail.com,,participante,,"e-mail","permitido",2018,2,6,3,54,31,Fuso horário padrão do Pacífico
josianerreis@hotmail.com,,participante,,"e-mail","permitido",2018,2,6,3,54,22,Fuso horário padrão do Pacífico
lopes8007@hotmail.com,,participante,,"e-mail","permitido",2018,2,6,3,54,22,Fuso horário padrão do Pacífico
lucas_grandidier@hotmail.com,,participante,,"e-mail","permitido",2018,2,6,3,54,22,Fuso horário padrão do Pacífico
mariana_karneiro@yahoo.com.br,,participante,,"e-mail","permitido",2018,2,6,3,54,31,Fuso horário padrão do Pacífico
marianefurtado@hotmail.com,,participante,,"e-mail","permitido",2018,2,6,3,54,22,Fuso horário padrão do Pacífico
marivalber@oi.com.br,,participante,devolvido,"sem e-mail","permitido",2018,2,6,3,54,31,Fuso horário padrão do Pacífico
migracaozimbra@creapa.com.br,,participante,,"e-mail","permitido",2021,1,20,8,57,22,Fuso horário padrão do Pacífico
mike@unb.br,,participante,,"e-mail","permitido",2018,2,6,3,54,22,Fuso horário padrão do Pacífico
mnafigueira@hotmail.com,,participante,,"e-mail","permitido",2018,2,6,3,54,22,Fuso horário padrão do Pacífico
moises.santospa@gmail.com,,participante,,"e-mail","permitido",2018,2,6,3,54,31,Fuso horário padrão do Pacífico
perfil_engenharia@hotmail.com,,participante,,"e-mail","permitido",2018,2,6,3,54,31,Fuso horário padrão do Pacífico
polianagualberto@hotmail.com,,participante,,"e-mail","permitido",2018,2,6,3,54,22,Fuso horário padrão do Pacífico
rosimar.borges@yahoo.com.br,,participante,,"e-mail","permitido",2018,2,6,3,54,31,Fuso horário padrão do Pacífico
taiza_pa@yahoo.com.br,,participante,,"e-mail","permitido",2018,2,6,3,54,22,Fuso horário padrão do Pacífico
tanabesantarem@gmail.com,,participante,,"e-mail","permitido",2018,2,6,3,54,31,Fuso horário padrão do Pacífico
tania_giusti@hotmail.com,,participante,,"e-mail","permitido",2018,2,6,3,54,31,Fuso horário padrão do Pacífico
tikolopes@yahoo.com.br,,participante,,"e-mail","permitido",2018,2,6,3,54,22,Fuso horário padrão do Pacífico
tulipan.campos@cosanpa.pa.gov.br,,participante,devolvido,"e-mail","permitido",2018,2,6,3,54,22,Fuso horário padrão do Pacífico
tulipan@oi.com.br,,participante,devolvido,"e-mail","permitido",2018,2,6,3,54,22,Fuso horário padrão do Pacífico