Participantes do grupo Conselheiros
Endereço de e-mail,Apelido,Status do grupo,Status do e-mail,Preferência de e-mail,Permissões de postagem,Ano de inscrição,Mês de inscrição,Dia de inscrição,Hora de inscrição,Minuto de inscrição,Segundo de inscrição,Fuso horário
alessandradoce16@gmail.com,,participante,,"e-mail","permitido",2020,4,8,5,36,53,Fuso horário padrão do Pacífico
alyssonvalente77@gmail.com,,participante,,"e-mail","permitido",2020,4,8,5,38,49,Fuso horário padrão do Pacífico
amsolucoeseng@gmail.com,,participante,,"e-mail","permitido",2020,4,8,5,38,16,Fuso horário padrão do Pacífico
anazeliateles@yahoo.com.br,,participante,,"e-mail","permitido",2020,4,8,5,39,16,Fuso horário padrão do Pacífico
andremarthatavares@hotmail.com,,participante,,"e-mail","permitido",2020,4,8,5,39,52,Fuso horário padrão do Pacífico
antonioneto.4391@gmail.com,,participante,,"e-mail","permitido",2020,4,8,5,40,14,Fuso horário padrão do Pacífico
antonioni.17111956@gmail.com,,participante,,"e-mail","permitido",2020,4,8,5,41,12,Fuso horário padrão do Pacífico
brenofasinaval@gmail.com,,participante,,"e-mail","permitido",2020,4,8,5,42,47,Fuso horário padrão do Pacífico
carlodomingues@yahoo.com.br,,participante,,"e-mail","permitido",2020,4,8,5,43,12,Fuso horário padrão do Pacífico
celsotanabe@yahoo.com.br,,participante,,"e-mail","permitido",2020,4,8,5,44,11,Fuso horário padrão do Pacífico
cleberufra@gmail.com,,participante,,"e-mail","permitido",2020,4,8,5,46,31,Fuso horário padrão do Pacífico
couto.mario@yahoo.com.br,,participante,,"e-mail","permitido",2020,4,8,6,16,0,Fuso horário padrão do Pacífico
dfrazao@gmail.com,,participante,,"e-mail","permitido",2020,4,8,5,47,41,Fuso horário padrão do Pacífico
dionisiocoutojr@yahoo.com.br,,participante,,"e-mail","permitido",2020,4,8,5,48,2,Fuso horário padrão do Pacífico
dsbegot@gmail.com,,participante,,"e-mail","permitido",2020,4,8,5,47,16,Fuso horário padrão do Pacífico
edgardbraga54@gmail.com,,participante,,"e-mail","permitido",2020,4,8,5,48,27,Fuso horário padrão do Pacífico
eduardojcbrandao@gmail.com,,participante,,"e-mail","permitido",2020,4,8,5,49,29,Fuso horário padrão do Pacífico
eduardoteixe@gmail.com,,participante,,"e-mail","permitido",2020,4,8,5,48,57,Fuso horário padrão do Pacífico
eli.andrade@eln.gov.br,,participante,,"e-mail","permitido",2020,4,8,5,49,55,Fuso horário padrão do Pacífico
eng.danillolinhares@gmail.com,,participante,,"e-mail","permitido",2020,4,8,5,46,55,Fuso horário padrão do Pacífico
engpaulapinheiro@gmail.com,,participante,,"e-mail","permitido",2020,4,8,6,17,38,Fuso horário padrão do Pacífico
fabioans.backup@gmail.com,,participante,,"e-mail","permitido",2020,4,8,5,50,41,Fuso horário padrão do Pacífico
fabiomesquitapa@hotmail.com,,participante,,"e-mail","permitido",2020,4,8,6,4,58,Fuso horário padrão do Pacífico
gelsonneto93@gmail.com,,participante,,"e-mail","permitido",2020,4,8,6,5,44,Fuso horário padrão do Pacífico
gleicymerces@bol.com.br,,participante,,"e-mail","permitido",2020,4,8,6,6,32,Fuso horário padrão do Pacífico
guedesaccioly@gmail.com,,participante,,"e-mail","permitido",2020,4,8,6,19,45,Fuso horário padrão do Pacífico
herbertgalmeida@gmail.com,,participante,,"e-mail","permitido",2020,4,8,6,7,13,Fuso horário padrão do Pacífico
jacques.martins@hotmail.com,,participante,,"e-mail","permitido",2020,4,8,6,7,47,Fuso horário padrão do Pacífico
janiltoncivil@hotmail.com,,participante,,"e-mail","permitido",2020,4,8,6,8,17,Fuso horário padrão do Pacífico
joaomartins401@gmail.com,,participante,,"e-mail","permitido",2020,4,8,6,8,40,Fuso horário padrão do Pacífico
jomar.lima.04@uol.com.br,,participante,,"e-mail","permitido",2020,4,8,6,9,8,Fuso horário padrão do Pacífico
Jordainemoreira@hotmail.com,,participante,,"e-mail","permitido",2020,4,8,6,10,50,Fuso horário padrão do Pacífico
joseteixeirajr@gmail.com,,participante,,"e-mail","permitido",2020,4,8,6,12,28,Fuso horário padrão do Pacífico
jrcoimbra@hotmail.com,,participante,,"e-mail","permitido",2020,4,8,6,13,34,Fuso horário padrão do Pacífico
leandrovalino@yahoo.com.br,,participante,devolvido,"e-mail","permitido",2020,4,8,6,13,56,Fuso horário padrão do Pacífico
leony@uepa.br,,participante,,"e-mail","permitido",2020,4,8,6,14,25,Fuso horário padrão do Pacífico
licitacao@uol.com.br,,participante,,"e-mail","permitido",2020,4,8,6,12,7,Fuso horário padrão do Pacífico
luccasvmiranda@gmail.com,,participante,,"e-mail","permitido",2020,4,8,6,14,59,Fuso horário padrão do Pacífico
machadoarmando51@gmail.com,,participante,,"e-mail","permitido",2020,4,8,5,42,12,Fuso horário padrão do Pacífico
marcelo.av.oliveira@gmail.com,,participante,,"e-mail","permitido",2020,4,8,6,15,18,Fuso horário padrão do Pacífico
mariana_karneiro@yahoo.com.br,,participante,,"e-mail","permitido",2020,4,8,6,15,40,Fuso horário padrão do Pacífico
menezesmarlon@hotmail.com,,participante,,"e-mail","permitido",2020,4,8,6,16,20,Fuso horário padrão do Pacífico
migracaozimbra@creapa.com.br,,participante,,"e-mail","permitido",2021,1,20,8,57,15,Fuso horário padrão do Pacífico
moises.santospa@gmail.com,,participante,,"e-mail","permitido",2020,4,8,6,16,52,Fuso horário padrão do Pacífico
nascimentopastana2@hotmail.com,,participante,,"e-mail","permitido",2020,4,8,6,12,53,Fuso horário padrão do Pacífico
nato@ufpa.br,,participante,,"e-mail","permitido",2020,4,8,6,18,50,Fuso horário padrão do Pacífico
noefarias10@yahoo.com.br,,participante,,"e-mail","permitido",2020,4,8,5,41,46,Fuso horário padrão do Pacífico
nsoeiro%ufpa.br@gtempaccount.com,,participante,,"e-mail","permitido",2020,4,8,6,17,18,Fuso horário padrão do Pacífico
pcmnetto@terra.com.br,,participante,,"e-mail","permitido",2020,4,8,6,17,59,Fuso horário padrão do Pacífico
pedromota86@outlook.com,,participante,,"e-mail","permitido",2020,4,8,6,18,27,Fuso horário padrão do Pacífico
r7j4l5b7@yahoo.com.br,,participante,,"e-mail","permitido",2020,4,8,6,20,4,Fuso horário padrão do Pacífico
reginacsj@hotmail.com,,participante,,"e-mail","permitido",2020,4,8,6,19,22,Fuso horário padrão do Pacífico
renatolimaaguiar@hotmail.com,,participante,,"e-mail","permitido",2020,4,8,6,13,13,Fuso horário padrão do Pacífico
ronaldksilva@gmail.com,,participante,,"e-mail","permitido",2020,4,8,6,20,40,Fuso horário padrão do Pacífico
rosimar.borges@yahoo.com.br,,participante,,"e-mail","permitido",2020,4,8,6,21,1,Fuso horário padrão do Pacífico
rrsouza@gmail.com,,participante,,"e-mail","permitido",2020,4,8,6,20,22,Fuso horário padrão do Pacífico
ruidinamar@gmail.com,,participante,,"e-mail","permitido",2020,4,8,6,21,35,Fuso horário padrão do Pacífico
sda.alessandra@gmail.com,,participante,,"e-mail","permitido",2020,4,8,5,34,53,Fuso horário padrão do Pacífico
sergiomeloccm@hotmail.com,,participante,,"e-mail","permitido",2020,4,8,6,24,56,Fuso horário padrão do Pacífico
sfranco.s@gmail.com,,participante,,"e-mail","permitido",2020,4,8,6,24,39,Fuso horário padrão do Pacífico
silviokanner@gmail.com,,participante,,"e-mail","permitido",2020,4,8,6,25,16,Fuso horário padrão do Pacífico
stasnis@yahoo.com,,participante,,"e-mail","permitido",2020,4,8,5,50,16,Fuso horário padrão do Pacífico
tania_giusti@hotmail.com,,participante,,"e-mail","permitido",2020,4,8,6,25,32,Fuso horário padrão do Pacífico
thaisbraga.ambiental@gmail.com,,participante,,"e-mail","permitido",2020,4,8,6,25,55,Fuso horário padrão do Pacífico
tsoulopes@gmail.com,,participante,,"e-mail","permitido",2020,4,8,6,26,13,Fuso horário padrão do Pacífico
wcoroa@hotmail.com,,participante,,"e-mail","permitido",2020,4,8,6,26,36,Fuso horário padrão do Pacífico
Wilksonmatos@yahoo.com.br,,participante,,"e-mail","permitido",2020,4,8,6,27,11,Fuso horário padrão do Pacífico