Participantes do grupo Contabilidade - CREA PA
Endereço de e-mail,Apelido,Status do grupo,Status do e-mail,Preferência de e-mail,Permissões de postagem,Ano de inscrição,Mês de inscrição,Dia de inscrição,Hora de inscrição,Minuto de inscrição,Segundo de inscrição,Fuso horário
bruna@creapa.com.br,"bruna",participante,,"e-mail","permitido",2016,2,11,6,38,11,Fuso horário padrão do Pacífico
gabrielrocha@creapa.com.br,"vanessabarroso",participante,,"sem e-mail","permitido",2016,2,11,6,38,25,Fuso horário padrão do Pacífico
migracaozimbra@creapa.com.br,,participante,,"e-mail","permitido",2021,1,20,8,57,38,Fuso horário padrão do Pacífico
verenamargalho@creapa.com.br,,participante,,"e-mail","permitido",2018,9,6,9,50,30,Fuso horário padrão do Pacífico