Participantes do grupo Coordenação Jurídica - CREA PA CoorJuridico
Endereço de e-mail,Apelido,Status do grupo,Status do e-mail,Preferência de e-mail,Permissões de postagem,Ano de inscrição,Mês de inscrição,Dia de inscrição,Hora de inscrição,Minuto de inscrição,Segundo de inscrição,Fuso horário
cinthia@creapa.com.br,,participante,,"e-mail","permitido",2018,10,22,5,59,55,Fuso horário padrão do Pacífico
cojur@creapa.com.br,"cojur",participante,,"e-mail","permitido",2016,2,15,12,38,48,Fuso horário padrão do Pacífico
elianesilva@creapa.com.br,,participante,,"e-mail","permitido",2018,10,22,5,59,55,Fuso horário padrão do Pacífico
migracaozimbra@creapa.com.br,,participante,,"e-mail","permitido",2021,1,20,8,58,7,Fuso horário padrão do Pacífico
patrickqueiroz@creapa.com.br,,participante,,"e-mail","permitido",2018,5,28,7,30,14,Fuso horário padrão do Pacífico
paulomoraes@creapa.com.br,,participante,devolvido,"sem e-mail","não permitido",2019,5,8,4,41,22,Fuso horário padrão do Pacífico
sergio@creapa.com.br,"sergio",participante,,"e-mail","permitido",2016,2,15,12,38,34,Fuso horário padrão do Pacífico