Participantes do grupo Comissão Permanente de Compra
Endereço de e-mail,Apelido,Status do grupo,Status do e-mail,Preferência de e-mail,Permissões de postagem,Ano de inscrição,Mês de inscrição,Dia de inscrição,Hora de inscrição,Minuto de inscrição,Segundo de inscrição,Fuso horário
azevedotania67@gmail.com,,participante,,"e-mail","permitido",2019,2,28,5,10,7,Fuso horário padrão do Pacífico
cleber01@msn.com,,participante,,"e-mail","permitido",2019,2,28,5,10,7,Fuso horário padrão do Pacífico
migracaozimbra@creapa.com.br,,participante,,"e-mail","permitido",2021,1,20,8,57,1,Fuso horário padrão do Pacífico
pedromota86@outlook.com,,participante,,"e-mail","permitido",2019,2,28,5,10,7,Fuso horário padrão do Pacífico
r7j4l5b7@yahoo.com.br,,participante,,"e-mail","permitido",2019,2,28,5,10,7,Fuso horário padrão do Pacífico