Participantes do grupo CREA SEDE - CREA PA
Endereço de e-mail,Apelido,Status do grupo,Status do e-mail,Preferência de e-mail,Permissões de postagem,Ano de inscrição,Mês de inscrição,Dia de inscrição,Hora de inscrição,Minuto de inscrição,Segundo de inscrição,Fuso horário
adv.taniahachem@gmail.com,,participante,,"e-mail","não permitido",2017,9,13,9,22,1,Fuso horário padrão do Pacífico
alberto@creapa.com.br,,participante,,"e-mail","não permitido",2020,10,6,8,43,26,Fuso horário padrão do Pacífico
alexandrina@creapa.com.br,"alexandrina",participante,,"e-mail","não permitido",2016,2,11,6,2,31,Fuso horário padrão do Pacífico
anachagas@creapa.com.br,,participante,,"e-mail","não permitido",2020,1,15,4,48,34,Fuso horário padrão do Pacífico
analuzia@creapa.com.br,"analuzia",participante,,"e-mail","não permitido",2016,2,11,6,2,9,Fuso horário padrão do Pacífico
andersonc@creapa.com.br,,participante,,"e-mail","não permitido",2017,9,13,9,22,1,Fuso horário padrão do Pacífico
andrea@creapa.com.br,"andrea",participante,,"e-mail","não permitido",2016,2,11,5,7,18,Fuso horário padrão do Pacífico
andrejev@creapa.com.br,"andrejev",participante,,"e-mail","não permitido",2016,2,11,5,7,18,Fuso horário padrão do Pacífico
andresantos@creapa.com.br,,participante,,"e-mail","não permitido",2019,1,3,8,12,22,Fuso horário padrão do Pacífico
aprendiz@creapa.com.br,,participante,devolvido,"e-mail","não permitido",2017,9,13,9,22,1,Fuso horário padrão do Pacífico
arissaniwa@creapa.com.br,,participante,,"e-mail","não permitido",2018,5,28,7,35,40,Fuso horário padrão do Pacífico
arleycarvalho@creapa.com.br,,participante,,"e-mail","não permitido",2019,10,21,6,26,56,Fuso horário padrão do Pacífico
ascom@creapa.com.br,,proprietário,,"e-mail","permitido",2020,10,6,6,43,19,Fuso horário padrão do Pacífico
augusto@creapa.com.br,,participante,,"e-mail","não permitido",2017,9,13,9,22,59,Fuso horário padrão do Pacífico
auiniacavalcante@creapa.com.br,,participante,,"e-mail","não permitido",2020,12,7,3,31,45,Fuso horário padrão do Pacífico
auriceliamartins@creapa.com.br,,participante,,"e-mail","não permitido",2020,3,18,7,28,8,Fuso horário padrão do Pacífico
beto@creapa.com.br,"beto",participante,,"e-mail","não permitido",2016,2,11,5,7,35,Fuso horário padrão do Pacífico
biancacosta@creapa.com.br,,participante,,"e-mail","não permitido",2020,10,6,8,43,26,Fuso horário padrão do Pacífico
biancaferreira@creapa.com.br,,participante,,"e-mail","não permitido",2019,6,17,8,29,25,Fuso horário padrão do Pacífico
bruna@creapa.com.br,"bruna",participante,,"e-mail","não permitido",2016,2,11,6,37,20,Fuso horário padrão do Pacífico
cinthia@creapa.com.br,,participante,,"e-mail","não permitido",2018,1,18,7,27,45,Fuso horário padrão do Pacífico
cledianealves@creapa.com.br,,participante,,"e-mail","não permitido",2020,3,18,4,44,48,Fuso horário padrão do Pacífico
clodoaldo@creapa.com.br,"clodoaldo",participante,,"e-mail","não permitido",2016,2,11,6,2,9,Fuso horário padrão do Pacífico
cojur@creapa.com.br,,participante,,"e-mail","não permitido",2017,9,13,9,22,1,Fuso horário padrão do Pacífico
conceicao@creapa.com.br,"conceicao",participante,,"e-mail","não permitido",2016,2,11,6,1,52,Fuso horário padrão do Pacífico
cristianefranca@creapa.com.br,,participante,,"e-mail","não permitido",2017,9,13,9,22,24,Fuso horário padrão do Pacífico
dalva@creapa.com.br,,participante,,"e-mail","não permitido",2017,9,13,9,22,24,Fuso horário padrão do Pacífico
denisefacanha@creapa.com.br,"denisefacanha",participante,,"e-mail","não permitido",2016,2,11,6,1,52,Fuso horário padrão do Pacífico
denize@creapa.com.br,"denize",participante,,"e-mail","não permitido",2016,2,11,5,7,18,Fuso horário padrão do Pacífico
deyze@creapa.com.br,,participante,,"e-mail","não permitido",2017,9,13,9,22,24,Fuso horário padrão do Pacífico
doceu@creapa.com.br,"doceu",participante,,"e-mail","não permitido",2016,2,11,6,1,52,Fuso horário padrão do Pacífico
donato@creapa.com.br,,participante,,"e-mail","não permitido",2017,9,13,9,22,24,Fuso horário padrão do Pacífico
douglasnazare@creapa.com.br,"douglasnazare",participante,,"e-mail","não permitido",2016,2,11,5,7,18,Fuso horário padrão do Pacífico
dulce@creapa.com.br,"dulce",participante,,"e-mail","não permitido",2016,2,11,6,1,52,Fuso horário padrão do Pacífico
edeval@creapa.com.br,,participante,devolvido,"e-mail","não permitido",2017,9,13,9,22,24,Fuso horário padrão do Pacífico
edevalsilva@creapa.com.br,,participante,,"e-mail","não permitido",2020,5,20,9,27,54,Fuso horário padrão do Pacífico
eduardo@creapa.com.br,,participante,,"e-mail","não permitido",2017,9,13,9,22,24,Fuso horário padrão do Pacífico
eliane@creapa.com.br,"eliane",participante,,"e-mail","não permitido",2016,2,11,6,1,52,Fuso horário padrão do Pacífico
elianesilva@creapa.com.br,,participante,,"e-mail","não permitido",2019,1,3,8,11,32,Fuso horário padrão do Pacífico
elival@creapa.com.br,,participante,,"e-mail","não permitido",2017,9,13,9,22,24,Fuso horário padrão do Pacífico
eng.naian@gmail.com,,participante,,"e-mail","não permitido",2017,9,13,9,22,24,Fuso horário padrão do Pacífico
ercioaraujo@creapa.com.br,,participante,,"e-mail","não permitido",2018,10,10,5,9,36,Fuso horário padrão do Pacífico
erick@creapa.com.br,"erick",participante,,"e-mail","não permitido",2016,2,11,6,2,9,Fuso horário padrão do Pacífico
francisco.soares@creapa.com.br,"francisco.soares",participante,,"e-mail","não permitido",2016,2,11,5,7,18,Fuso horário padrão do Pacífico
gabrielrocha@creapa.com.br,"vanessabarroso",participante,,"e-mail","não permitido",2016,2,11,6,1,52,Fuso horário padrão do Pacífico
gady@creapa.com.br,,participante,,"e-mail","não permitido",2017,9,13,9,22,39,Fuso horário padrão do Pacífico
giselelaiz@creapa.com.br,,participante,,"e-mail","não permitido",2017,9,13,9,22,39,Fuso horário padrão do Pacífico
glaucie@creapa.com.br,"glaucie",participante,,"e-mail","não permitido",2016,2,11,5,7,18,Fuso horário padrão do Pacífico
glayds@creapa.com.br,"glayds",participante,,"e-mail","não permitido",2016,2,11,5,7,18,Fuso horário padrão do Pacífico
haroldo@creapa.com.br,,participante,,"e-mail","não permitido",2017,9,13,9,22,39,Fuso horário padrão do Pacífico
helena@creapa.com.br,"helena",participante,,"e-mail","não permitido",2016,2,11,5,7,18,Fuso horário padrão do Pacífico
heloisa@creapa.com.br,,participante,,"e-mail","não permitido",2017,9,13,9,22,39,Fuso horário padrão do Pacífico
igorluz@creapa.com.br,,participante,,"e-mail","não permitido",2020,10,6,8,43,26,Fuso horário padrão do Pacífico
israelcoelho@creapa.com.br,,participante,,"e-mail","não permitido",2020,3,26,8,3,59,Fuso horário padrão do Pacífico
jader@creapa.com.br,"jader",participante,,"e-mail","não permitido",2016,2,11,5,7,35,Fuso horário padrão do Pacífico
jefersonlima@creapa.com.br,,participante,,"e-mail","não permitido",2017,9,13,9,22,39,Fuso horário padrão do Pacífico
jeffersonpereira@creapa.com.br,,participante,,"e-mail","não permitido",2020,3,26,8,3,33,Fuso horário padrão do Pacífico
julia@creapa.com.br,"julia",participante,,"e-mail","não permitido",2016,2,11,5,7,35,Fuso horário padrão do Pacífico
karinapinto@creapa.com.br,"elielsonbotelho",participante,,"e-mail","não permitido",2016,3,15,12,55,39,Fuso horário padrão do Pacífico
kleber@creapa.com.br,,participante,,"e-mail","não permitido",2017,9,13,9,22,39,Fuso horário padrão do Pacífico
layanasilva@creapa.com.br,,participante,devolvido,"e-mail","não permitido",2019,1,3,8,12,53,Fuso horário padrão do Pacífico
leo@creapa.com.br,,participante,,"e-mail","não permitido",2017,9,13,9,22,59,Fuso horário padrão do Pacífico
luciano@creapa.com.br,"luciano",participante,,"e-mail","não permitido",2016,2,11,6,1,52,Fuso horário padrão do Pacífico
marcel@creapa.com.br,"marcel",participante,,"e-mail","não permitido",2016,2,11,5,7,35,Fuso horário padrão do Pacífico
marcelopantoja@creapa.com.br,"marcelopantoja",gerente,,"e-mail","permitido",2016,2,11,5,7,35,Fuso horário padrão do Pacífico
marciosalomao@creapa.com.br,,participante,,"e-mail","não permitido",2017,9,13,9,22,59,Fuso horário padrão do Pacífico
marcusfrank@creapa.com.br,"marcusfrank",participante,,"e-mail","não permitido",2016,2,11,6,1,52,Fuso horário padrão do Pacífico
mariagama@creapa.com.br,,participante,devolvido,"e-mail","não permitido",2019,9,2,8,46,40,Fuso horário padrão do Pacífico
mariasantos@creapa.com.br,,participante,,"e-mail","não permitido",2020,12,2,8,21,20,Fuso horário padrão do Pacífico
marllus@creapa.com.br,"marllus",participante,,"e-mail","não permitido",2016,2,11,5,7,35,Fuso horário padrão do Pacífico
mary@creapa.com.br,"mary",participante,,"e-mail","não permitido",2016,2,11,5,7,35,Fuso horário padrão do Pacífico
mauriciorocha@creapa.com.br,,participante,,"e-mail","não permitido",2020,3,18,7,21,31,Fuso horário padrão do Pacífico
mauriliocastro@creapa.com.br,,participante,,"e-mail","não permitido",2020,11,9,3,32,26,Fuso horário padrão do Pacífico
mercia@creapa.com.br,"mercia",participante,,"e-mail","não permitido",2016,2,11,6,1,52,Fuso horário padrão do Pacífico
michelleveras@creapa.com.br,"michelleveras",participante,,"e-mail","não permitido",2016,2,11,6,1,52,Fuso horário padrão do Pacífico
migracaozimbra@creapa.com.br,,participante,,"e-mail","não permitido",2021,1,20,8,58,13,Fuso horário padrão do Pacífico
negrao@creapa.com.br,,participante,,"e-mail","não permitido",2017,9,13,9,22,59,Fuso horário padrão do Pacífico
negreiros@creapa.com.br,"negreiros",participante,,"e-mail","não permitido",2016,2,11,6,1,52,Fuso horário padrão do Pacífico
ninacosta@creapa.com.br,,participante,,"e-mail","não permitido",2020,10,6,8,43,26,Fuso horário padrão do Pacífico
norma@creapa.com.br,"norma",participante,,"e-mail","não permitido",2016,2,11,6,1,52,Fuso horário padrão do Pacífico
odilon@creapa.com.br,"odilon",participante,,"e-mail","não permitido",2016,2,11,5,7,35,Fuso horário padrão do Pacífico
odir@creapa.com.br,"odir",participante,,"e-mail","não permitido",2016,2,11,6,1,52,Fuso horário padrão do Pacífico
oscarina@creapa.com.br,"oscarina",participante,,"e-mail","não permitido",2016,2,11,5,7,35,Fuso horário padrão do Pacífico
palheta@creapa.com.br,"palheta",participante,,"e-mail","não permitido",2016,2,11,5,7,18,Fuso horário padrão do Pacífico
patrickqueiroz@creapa.com.br,,participante,,"e-mail","não permitido",2018,5,28,7,29,44,Fuso horário padrão do Pacífico
paulo@creapa.com.br,,participante,devolvido,"e-mail","não permitido",2017,9,13,9,23,17,Fuso horário padrão do Pacífico
paulodetarso@creapa.com.br,,participante,,"e-mail","não permitido",2017,9,13,9,23,17,Fuso horário padrão do Pacífico
paulolima@creapa.com.br,,participante,,"e-mail","não permitido",2019,4,17,5,40,28,Fuso horário padrão do Pacífico
paulomoraes@creapa.com.br,,participante,devolvido,"e-mail","não permitido",2019,5,8,4,41,23,Fuso horário padrão do Pacífico
presidencia@creapa.com.br,,participante,,"e-mail","não permitido",2017,9,13,9,23,17,Fuso horário padrão do Pacífico
raqueltavares@creapa.com.br,,participante,,"e-mail","não permitido",2019,1,3,7,59,35,Fuso horário padrão do Pacífico
rarisonfavacho@creapa.com.br,,participante,,"e-mail","não permitido",2020,12,7,3,52,57,Fuso horário padrão do Pacífico
rayfranpires@creapa.com.br,"brunofreitas",participante,,"e-mail","não permitido",2016,2,11,5,7,18,Fuso horário padrão do Pacífico
renato.milhomem@creapa.com.br,,participante,,"e-mail","não permitido",2018,1,18,7,27,45,Fuso horário padrão do Pacífico
robertocarlos@creapa.com.br,,participante,,"e-mail","não permitido",2017,9,13,9,23,17,Fuso horário padrão do Pacífico
rodrigosilva@creapa.com.br,,participante,,"e-mail","não permitido",2020,10,6,8,43,26,Fuso horário padrão do Pacífico
roseleneribeiro@creapa.com.br,,participante,,"e-mail","não permitido",2019,1,3,8,13,29,Fuso horário padrão do Pacífico
rosinete@creapa.com.br,"rosinete",participante,,"e-mail","não permitido",2016,2,11,6,1,52,Fuso horário padrão do Pacífico
samillyalves@creapa.com.br,,participante,,"e-mail","não permitido",2019,7,24,6,28,6,Fuso horário padrão do Pacífico
sandrafelizardo@creapa.com.br,,participante,,"e-mail","não permitido",2017,9,13,9,23,17,Fuso horário padrão do Pacífico
sergio@creapa.com.br,"sergio",participante,,"e-mail","não permitido",2016,2,11,6,1,52,Fuso horário padrão do Pacífico
sholini@creapa.com.br,"sholini",participante,,"e-mail","não permitido",2016,2,11,5,7,35,Fuso horário padrão do Pacífico
silvia@creapa.com.br,"silvia",gerente,,"e-mail","permitido",2016,2,11,5,7,35,Fuso horário padrão do Pacífico
silvio@creapa.com.br,"silvio",participante,,"e-mail","não permitido",2016,2,11,5,7,35,Fuso horário padrão do Pacífico
socorro@creapa.com.br,"socorro",participante,,"e-mail","não permitido",2016,2,11,5,7,18,Fuso horário padrão do Pacífico
tania@creapa.com.br,"tania",participante,,"e-mail","não permitido",2016,2,11,5,7,35,Fuso horário padrão do Pacífico
tchaikowskyferreira@creapa.com.br,,participante,devolvido,"e-mail","não permitido",2017,9,13,9,23,27,Fuso horário padrão do Pacífico
thayslima@creapa.com.br,"thayslima",participante,,"e-mail","não permitido",2016,2,11,6,1,52,Fuso horário padrão do Pacífico
tuanenegrao@creapa.com.br,,participante,,"e-mail","não permitido",2020,10,6,8,43,26,Fuso horário padrão do Pacífico
valmar@creapa.com.br,"valmar",participante,devolvido,"e-mail","não permitido",2016,2,11,5,7,35,Fuso horário padrão do Pacífico
vanessa@creapa.com.br,"vanessa",participante,,"e-mail","não permitido",2016,2,11,5,7,35,Fuso horário padrão do Pacífico
verenamargalho@creapa.com.br,"verenamargalho",participante,,"e-mail","não permitido",2016,2,11,6,1,52,Fuso horário padrão do Pacífico
vitoriafreitas@creapa.com.br,,participante,,"e-mail","não permitido",2018,5,28,7,38,41,Fuso horário padrão do Pacífico
weslleysantos@creapa.com.br,"weslleysantos",participante,,"e-mail","não permitido",2016,2,11,6,1,52,Fuso horário padrão do Pacífico
yasmimneves@creapa.com.br,,participante,,"e-mail","não permitido",2019,4,1,5,14,16,Fuso horário padrão do Pacífico
yona@creapa.com.br,"yona",participante,,"e-mail","não permitido",2016,2,11,6,1,52,Fuso horário padrão do Pacífico