Participantes do grupo CTE - CREA PA
Endereço de e-mail,Apelido,Status do grupo,Status do e-mail,Preferência de e-mail,Permissões de postagem,Ano de inscrição,Mês de inscrição,Dia de inscrição,Hora de inscrição,Minuto de inscrição,Segundo de inscrição,Fuso horário
douglasnazare@creapa.com.br,"douglasnazare",participante,,"e-mail","permitido",2016,2,11,5,33,44,Fuso horário padrão do Pacífico
jefersonlima@creapa.com.br,"jefersonlima",participante,,"e-mail","permitido",2016,2,11,5,33,12,Fuso horário padrão do Pacífico
leo@creapa.com.br,"leo",participante,,"e-mail","permitido",2016,2,11,5,33,12,Fuso horário padrão do Pacífico
marcel@creapa.com.br,"marcel",participante,,"e-mail","permitido",2016,2,11,6,32,17,Fuso horário padrão do Pacífico
migracaozimbra@creapa.com.br,,participante,,"e-mail","permitido",2021,1,20,8,58,21,Fuso horário padrão do Pacífico
paulodetarso@creapa.com.br,"paulodetarso",participante,,"e-mail","permitido",2016,2,11,5,33,12,Fuso horário padrão do Pacífico
rodrigosilva@creapa.com.br,,participante,,"e-mail","permitido",2020,9,25,5,25,34,Fuso horário padrão do Pacífico
valmar@creapa.com.br,"valmar",participante,devolvido,"e-mail","não permitido",2016,2,11,5,33,27,Fuso horário padrão do Pacífico