Participantes do grupo Diretoria
Endereço de e-mail,Apelido,Status do grupo,Status do e-mail,Preferência de e-mail,Permissões de postagem,Ano de inscrição,Mês de inscrição,Dia de inscrição,Hora de inscrição,Minuto de inscrição,Segundo de inscrição,Fuso horário
danillolinhares@creapa.com.br,,participante,,"e-mail","permitido",2018,2,2,8,47,31,Fuso horário padrão do Pacífico
eduardobrandao@creapa.com.br,,participante,,"e-mail","permitido",2018,2,2,8,47,31,Fuso horário padrão do Pacífico
migracaozimbra@creapa.com.br,,participante,,"e-mail","permitido",2021,1,20,8,58,27,Fuso horário padrão do Pacífico
pcmnetto@creapa.com.br,,participante,,"e-mail","permitido",2018,2,2,8,47,31,Fuso horário padrão do Pacífico
ricardobatista@creapa.com.br,,participante,,"e-mail","permitido",2018,2,2,8,47,31,Fuso horário padrão do Pacífico
ruidinamar@creapa.com.br,,participante,,"e-mail","permitido",2018,2,2,8,46,2,Fuso horário padrão do Pacífico