Participantes do grupo Fiscalização - CREA PA
Endereço de e-mail,Apelido,Status do grupo,Status do e-mail,Preferência de e-mail,Permissões de postagem,Ano de inscrição,Mês de inscrição,Dia de inscrição,Hora de inscrição,Minuto de inscrição,Segundo de inscrição,Fuso horário
adrianafalconeri@creapa.com.br,,participante,,"e-mail","permitido",2020,4,3,6,23,45,Fuso horário padrão do Pacífico
alanlima@creapa.com.br,,participante,,"e-mail","permitido",2018,10,5,5,18,40,Fuso horário padrão do Pacífico
anapaula@creapa.com.br,"anapaula",participante,,"e-mail","permitido",2016,2,11,5,8,33,Fuso horário padrão do Pacífico
andersonc@creapa.com.br,"andersonc",participante,,"e-mail","permitido",2016,2,11,5,8,33,Fuso horário padrão do Pacífico
andrea@creapa.com.br,,participante,,"e-mail","permitido",2020,8,3,5,47,12,Fuso horário padrão do Pacífico
andrejev@creapa.com.br,,participante,,"e-mail","permitido",2018,6,27,8,42,55,Fuso horário padrão do Pacífico
augusto@creapa.com.br,,participante,,"e-mail","permitido",2020,6,2,7,1,46,Fuso horário padrão do Pacífico
carla@liquidatudo2.com.br,,banido,,"sem e-mail","não permitido",1969,12,31,16,0,0,Fuso horário padrão do Pacífico
carlos@br.oberon.net.br,,banido,,"sem e-mail","não permitido",1969,12,31,16,0,0,Fuso horário padrão do Pacífico
cartorioprostestos@crunk.com.br,,banido,,"sem e-mail","não permitido",1969,12,31,16,0,0,Fuso horário padrão do Pacífico
cleriston@creapa.com.br,"cleriston",participante,,"e-mail","permitido",2016,2,11,5,8,33,Fuso horário padrão do Pacífico
comprovante@drtx.com.br,,banido,,"sem e-mail","não permitido",1969,12,31,16,0,0,Fuso horário padrão do Pacífico
constantino@creapa.com.br,"constantino",participante,,"e-mail","permitido",2016,2,11,5,8,43,Fuso horário padrão do Pacífico
contato03@chegoumensagem-br.com,,banido,,"sem e-mail","não permitido",1969,12,31,16,0,0,Fuso horário padrão do Pacífico
contato@drtx.com.br,,banido,,"sem e-mail","não permitido",1969,12,31,16,0,0,Fuso horário padrão do Pacífico
contato@imediato3.com.br,,banido,,"sem e-mail","não permitido",1969,12,31,16,0,0,Fuso horário padrão do Pacífico
contato@maillojas.com,,banido,,"sem e-mail","não permitido",1969,12,31,16,0,0,Fuso horário padrão do Pacífico
contato@mailto.com.br,,banido,,"sem e-mail","não permitido",1969,12,31,16,0,0,Fuso horário padrão do Pacífico
contato@maisledmkt.com.br,,banido,,"sem e-mail","não permitido",1969,12,31,16,0,0,Fuso horário padrão do Pacífico
contato@marketingeral.com.br,,banido,,"sem e-mail","não permitido",1969,12,31,16,0,0,Fuso horário padrão do Pacífico
contato@planosaudebelem.com,,banido,,"sem e-mail","não permitido",1969,12,31,16,0,0,Fuso horário padrão do Pacífico
contato@posgraduacaoa.com.br,,banido,,"sem e-mail","não permitido",1969,12,31,16,0,0,Fuso horário padrão do Pacífico
contato@trabalhoevagas.com.br,,banido,,"sem e-mail","não permitido",1969,12,31,16,0,0,Fuso horário padrão do Pacífico
contato@webimoveisindaiatuba.com.br,,banido,,"sem e-mail","não permitido",1969,12,31,16,0,0,Fuso horário padrão do Pacífico
contatos@agencia2026.com.br,,banido,devolvido,"sem e-mail","não permitido",1969,12,31,16,0,0,Fuso horário padrão do Pacífico
darlensouza@creapa.com.br,,participante,,"e-mail","permitido",2018,10,5,5,13,18,Fuso horário padrão do Pacífico
darlisonsouza@creapa.com.br,,participante,,"e-mail","permitido",2018,10,5,5,13,18,Fuso horário padrão do Pacífico
dayany@creapa.com.br,"dayany",participante,,"e-mail","permitido",2016,2,11,5,8,33,Fuso horário padrão do Pacífico
diabetes@t.etreze.com.br,,banido,,"sem e-mail","não permitido",1969,12,31,16,0,0,Fuso horário padrão do Pacífico
dica-de-profissional@silverhost.biz,,banido,,"sem e-mail","não permitido",1969,12,31,16,0,0,Fuso horário padrão do Pacífico
dicas-profissionais@superhost.top,,banido,,"sem e-mail","não permitido",1969,12,31,16,0,0,Fuso horário padrão do Pacífico
donato@creapa.com.br,"donato",participante,,"e-mail","permitido",2016,2,11,5,8,33,Fuso horário padrão do Pacífico
elival@creapa.com.br,"elival",participante,,"e-mail","permitido",2016,2,11,5,8,33,Fuso horário padrão do Pacífico
emm@nextlead.com.br,,banido,,"sem e-mail","não permitido",1969,12,31,16,0,0,Fuso horário padrão do Pacífico
emm@seguro-de-carro.com,,banido,,"sem e-mail","não permitido",1969,12,31,16,0,0,Fuso horário padrão do Pacífico
emm@seguro-de-celular.com,,banido,,"sem e-mail","não permitido",1969,12,31,16,0,0,Fuso horário padrão do Pacífico
enviar@e.msfranquias.com.br,,banido,,"sem e-mail","não permitido",1969,12,31,16,0,0,Fuso horário padrão do Pacífico
enviar@l.querocotacao.com.br,,banido,,"sem e-mail","não permitido",1969,12,31,16,0,0,Fuso horário padrão do Pacífico
equipe@mail.com.br,,banido,devolvido,"sem e-mail","não permitido",1969,12,31,16,0,0,Fuso horário padrão do Pacífico
erivaldo@creapa.com.br,"erivaldo",participante,,"e-mail","permitido",2016,2,11,5,8,33,Fuso horário padrão do Pacífico
fabriciodantas@creapa.com.br,"fabriciodantas",participante,,"e-mail","permitido",2016,2,11,5,8,33,Fuso horário padrão do Pacífico
felix@creapa.com.br,"felix",participante,,"e-mail","permitido",2016,2,11,5,8,33,Fuso horário padrão do Pacífico
fernandoatendente@stackx.com.br,,banido,,"sem e-mail","não permitido",1969,12,31,16,0,0,Fuso horário padrão do Pacífico
fh3@fh3.hostingbko.com.br,,banido,,"sem e-mail","não permitido",1969,12,31,16,0,0,Fuso horário padrão do Pacífico
floriano@creapa.com.br,"floriano",participante,,"e-mail","permitido",2016,2,11,5,8,43,Fuso horário padrão do Pacífico
franciscofraga@creapa.com.br,,participante,,"e-mail","permitido",2020,4,15,6,21,35,Fuso horário padrão do Pacífico
geovani@creapa.com.br,"geovani",participante,,"e-mail","permitido",2016,2,11,5,8,43,Fuso horário padrão do Pacífico
gerson@creapa.com.br,"gerson",participante,,"e-mail","permitido",2016,2,11,5,8,43,Fuso horário padrão do Pacífico
gilberto@creapa.com.br,"gilberto",participante,,"e-mail","permitido",2016,2,11,5,8,43,Fuso horário padrão do Pacífico
gkgc4@hennigesautomotive.com,,banido,,"sem e-mail","não permitido",1969,12,31,16,0,0,Fuso horário padrão do Pacífico
glayds@creapa.com.br,,participante,,"e-mail","permitido",2018,1,18,7,6,32,Fuso horário padrão do Pacífico
goomess80@gmail.com,,banido,,"sem e-mail","não permitido",1969,12,31,16,0,0,Fuso horário padrão do Pacífico
guilherme@mta.e-news.net.br,,banido,,"sem e-mail","não permitido",1969,12,31,16,0,0,Fuso horário padrão do Pacífico
heloisa@creapa.com.br,"heloisa",participante,,"e-mail","permitido",2016,2,11,5,8,43,Fuso horário padrão do Pacífico
icdyfmta@hennigesautomotive.com,,banido,,"sem e-mail","não permitido",1969,12,31,16,0,0,Fuso horário padrão do Pacífico
ingles@sf.etreze.com.br,,banido,,"sem e-mail","não permitido",1969,12,31,16,0,0,Fuso horário padrão do Pacífico
jader@creapa.com.br,,participante,,"e-mail","permitido",2019,6,27,11,8,2,Fuso horário padrão do Pacífico
jaquelinelima@creapa.com.br,,participante,,"e-mail","permitido",2020,4,3,6,23,45,Fuso horário padrão do Pacífico
jeffersonpereira@creapa.com.br,,participante,,"e-mail","permitido",2020,3,24,9,40,29,Fuso horário padrão do Pacífico
joao@jk.mercurioserver.net.br,,banido,,"sem e-mail","não permitido",1969,12,31,16,0,0,Fuso horário padrão do Pacífico
joelsonsilva@creapa.com.br,,participante,,"e-mail","permitido",2018,10,5,5,13,18,Fuso horário padrão do Pacífico
josegomes@creapa.com.br,"josegomes",participante,,"e-mail","permitido",2016,2,11,5,8,43,Fuso horário padrão do Pacífico
josemiranda@creapa.com.br,"josemiranda",participante,,"e-mail","permitido",2016,2,11,5,8,43,Fuso horário padrão do Pacífico
josiene@creapa.com.br,"josiene",participante,,"e-mail","permitido",2016,2,11,5,8,43,Fuso horário padrão do Pacífico
julia@jk.uranoserver.net.br,,banido,,"sem e-mail","não permitido",1969,12,31,16,0,0,Fuso horário padrão do Pacífico
kleber@creapa.com.br,"kleber",participante,,"e-mail","permitido",2016,2,11,5,8,43,Fuso horário padrão do Pacífico
kleiton@creapa.com.br,"kleiton",participante,,"e-mail","permitido",2016,2,11,5,8,43,Fuso horário padrão do Pacífico
laercioanastacio@creapa.com.br,"laercioanastacio",participante,,"e-mail","permitido",2016,2,11,5,8,43,Fuso horário padrão do Pacífico
lara@cib.alphamedia.net.br,,banido,,"sem e-mail","não permitido",1969,12,31,16,0,0,Fuso horário padrão do Pacífico
lara@tap.shopv3.net.br,,banido,,"sem e-mail","não permitido",1969,12,31,16,0,0,Fuso horário padrão do Pacífico
laurel.nd@bol.com.br,,banido,,"sem e-mail","não permitido",1969,12,31,16,0,0,Fuso horário padrão do Pacífico
leandro@mta.webmidia21.net.br,,banido,,"sem e-mail","não permitido",1969,12,31,16,0,0,Fuso horário padrão do Pacífico
luisa@tap.riosul.net.br,,banido,,"sem e-mail","não permitido",1969,12,31,16,0,0,Fuso horário padrão do Pacífico
mail@e-nike.com.br,,banido,,"sem e-mail","não permitido",1969,12,31,16,0,0,Fuso horário padrão do Pacífico
mail@nextmail.com.br,,banido,,"sem e-mail","não permitido",1969,12,31,16,0,0,Fuso horário padrão do Pacífico
mail@opered.com.br,,banido,,"sem e-mail","não permitido",1969,12,31,16,0,0,Fuso horário padrão do Pacífico
mail@opex.com.br,,banido,,"sem e-mail","não permitido",1969,12,31,16,0,0,Fuso horário padrão do Pacífico
mail@polinew.com.br,,banido,,"sem e-mail","não permitido",1969,12,31,16,0,0,Fuso horário padrão do Pacífico
mail@poliself.com.br,,banido,devolvido,"sem e-mail","não permitido",1969,12,31,16,0,0,Fuso horário padrão do Pacífico
mail@tagmedia.com.br,,banido,,"sem e-mail","não permitido",1969,12,31,16,0,0,Fuso horário padrão do Pacífico
mail@viptop.com.br,,banido,,"sem e-mail","não permitido",1969,12,31,16,0,0,Fuso horário padrão do Pacífico
manoelviana@creapa.com.br,,participante,,"e-mail","permitido",2017,3,27,10,13,50,Fuso horário padrão do Pacífico
marcelo.santos1007@bol.com.br,,banido,,"sem e-mail","não permitido",1969,12,31,16,0,0,Fuso horário padrão do Pacífico
marcelo.soares300@bol.com.br,,banido,,"sem e-mail","não permitido",1969,12,31,16,0,0,Fuso horário padrão do Pacífico
marinaatlantica@mailto.com.br,,banido,,"sem e-mail","não permitido",1969,12,31,16,0,0,Fuso horário padrão do Pacífico
marllus@creapa.com.br,"marllus",participante,,"e-mail","permitido",2016,2,11,6,24,50,Fuso horário padrão do Pacífico
mgieqbq@hennigesautomotive.com,,banido,,"sem e-mail","não permitido",1969,12,31,16,0,0,Fuso horário padrão do Pacífico
migracaozimbra@creapa.com.br,,participante,,"e-mail","permitido",2021,1,20,8,58,44,Fuso horário padrão do Pacífico
negrao@creapa.com.br,,participante,,"e-mail","permitido",2019,4,3,5,24,35,Fuso horário padrão do Pacífico
newsletter@ofertasnainternet.com.br,,banido,,"sem e-mail","não permitido",1969,12,31,16,0,0,Fuso horário padrão do Pacífico
nfse@spdway.com.br,,banido,,"sem e-mail","não permitido",1969,12,31,16,0,0,Fuso horário padrão do Pacífico
noreply@ecommun.net.br,,banido,devolvido,"sem e-mail","não permitido",1969,12,31,16,0,0,Fuso horário padrão do Pacífico
noreply@eshared.net.br,,banido,devolvido,"sem e-mail","não permitido",1969,12,31,16,0,0,Fuso horário padrão do Pacífico
oelton@creapa.com.br,,participante,,"e-mail","permitido",2018,10,5,5,13,18,Fuso horário padrão do Pacífico
osman@creapa.com.br,"osman",participante,,"e-mail","permitido",2016,2,11,5,8,43,Fuso horário padrão do Pacífico
ouvidoria@spdway.com.br,,banido,,"sem e-mail","não permitido",1969,12,31,16,0,0,Fuso horário padrão do Pacífico
protestos@crunk.com.br,,banido,,"sem e-mail","não permitido",1969,12,31,16,0,0,Fuso horário padrão do Pacífico
radioway@mail2.com.br,,banido,,"sem e-mail","não permitido",1969,12,31,16,0,0,Fuso horário padrão do Pacífico
raphael@email4u.com.br,,banido,,"sem e-mail","não permitido",1969,12,31,16,0,0,Fuso horário padrão do Pacífico
rastreiocorreios15230@tyhhgf7.cloudapp.net,,banido,,"sem e-mail","não permitido",1969,12,31,16,0,0,Fuso horário padrão do Pacífico
ricardoleao@smashin.com.br,,banido,,"sem e-mail","não permitido",1969,12,31,16,0,0,Fuso horário padrão do Pacífico
sac.presentes@spdway.com.br,,banido,,"sem e-mail","não permitido",1969,12,31,16,0,0,Fuso horário padrão do Pacífico
samsunga@b.rellev.com.br,,banido,,"sem e-mail","não permitido",1969,12,31,16,0,0,Fuso horário padrão do Pacífico
samsungon7@a.etreze.com.br,,banido,,"sem e-mail","não permitido",1969,12,31,16,0,0,Fuso horário padrão do Pacífico
samsungon7@w.etreze.com.br,,banido,,"sem e-mail","não permitido",1969,12,31,16,0,0,Fuso horário padrão do Pacífico
sd@a.cliqueagora.net.br,,banido,,"sem e-mail","não permitido",1969,12,31,16,0,0,Fuso horário padrão do Pacífico
sd@k.cliqueagora.net.br,,banido,,"sem e-mail","não permitido",1969,12,31,16,0,0,Fuso horário padrão do Pacífico
seguro@l.etreze.com.br,,banido,,"sem e-mail","não permitido",1969,12,31,16,0,0,Fuso horário padrão do Pacífico
serasa@setorjuridico.net.br,,banido,,"sem e-mail","não permitido",1969,12,31,16,0,0,Fuso horário padrão do Pacífico
sheila@creapa.com.br,"sheila",participante,,"e-mail","permitido",2016,2,11,5,8,43,Fuso horário padrão do Pacífico
snd@a.clique1.com.br,,banido,,"sem e-mail","não permitido",1969,12,31,16,0,0,Fuso horário padrão do Pacífico
snd@a.contatodigital.net.br,,banido,,"sem e-mail","não permitido",1969,12,31,16,0,0,Fuso horário padrão do Pacífico
snd@a.sendman.net.br,,banido,,"sem e-mail","não permitido",1969,12,31,16,0,0,Fuso horário padrão do Pacífico
snd@b.ja1.net.br,,banido,,"sem e-mail","não permitido",1969,12,31,16,0,0,Fuso horário padrão do Pacífico
snd@d.ja1.net.br,,banido,,"sem e-mail","não permitido",1969,12,31,16,0,0,Fuso horário padrão do Pacífico
snd@f.cliqueagora.net.br,,banido,,"sem e-mail","não permitido",1969,12,31,16,0,0,Fuso horário padrão do Pacífico
snd@f.contatodigital.net.br,,banido,,"sem e-mail","não permitido",1969,12,31,16,0,0,Fuso horário padrão do Pacífico
snd@f.sendman.net.br,,banido,,"sem e-mail","não permitido",1969,12,31,16,0,0,Fuso horário padrão do Pacífico
snd@g.entregacerta.net.br,,banido,,"sem e-mail","não permitido",1969,12,31,16,0,0,Fuso horário padrão do Pacífico
snd@g.hottmail.com.br,,banido,,"sem e-mail","não permitido",1969,12,31,16,0,0,Fuso horário padrão do Pacífico
snd@host1.net.br,,banido,,"sem e-mail","não permitido",1969,12,31,16,0,0,Fuso horário padrão do Pacífico
snd@i.hottmail.com.br,,banido,,"sem e-mail","não permitido",1969,12,31,16,0,0,Fuso horário padrão do Pacífico
snd@j.hottmail.com.br,,banido,,"sem e-mail","não permitido",1969,12,31,16,0,0,Fuso horário padrão do Pacífico
snd@k.contatodigital.net.br,,banido,,"sem e-mail","não permitido",1969,12,31,16,0,0,Fuso horário padrão do Pacífico
snd@k.sendman.net.br,,banido,,"sem e-mail","não permitido",1969,12,31,16,0,0,Fuso horário padrão do Pacífico
snd@l.entregacerta.net.br,,banido,,"sem e-mail","não permitido",1969,12,31,16,0,0,Fuso horário padrão do Pacífico
snd@l.igbr.net.br,,banido,,"sem e-mail","não permitido",1969,12,31,16,0,0,Fuso horário padrão do Pacífico
snd@p.sendman.net.br,,banido,,"sem e-mail","não permitido",1969,12,31,16,0,0,Fuso horário padrão do Pacífico
snd@v.gmailnet.net.br,,banido,,"sem e-mail","não permitido",1969,12,31,16,0,0,Fuso horário padrão do Pacífico
snd@v.igbr.net.br,,banido,,"sem e-mail","não permitido",1969,12,31,16,0,0,Fuso horário padrão do Pacífico
snd@venus1.net.br,,banido,,"sem e-mail","não permitido",1969,12,31,16,0,0,Fuso horário padrão do Pacífico
snd@w.gmailnet.net.br,,banido,,"sem e-mail","não permitido",1969,12,31,16,0,0,Fuso horário padrão do Pacífico
snd@x.gmailnet.net.br,,banido,,"sem e-mail","não permitido",1969,12,31,16,0,0,Fuso horário padrão do Pacífico
snd@z.entregacerta.net.br,,banido,,"sem e-mail","não permitido",1969,12,31,16,0,0,Fuso horário padrão do Pacífico
snd@z.igbr.net.br,,banido,,"sem e-mail","não permitido",1969,12,31,16,0,0,Fuso horário padrão do Pacífico
swdagencia@outlook.com,,banido,,"sem e-mail","não permitido",1969,12,31,16,0,0,Fuso horário padrão do Pacífico
vanessa@cia.vmd9.net.br,,banido,,"sem e-mail","não permitido",1969,12,31,16,0,0,Fuso horário padrão do Pacífico
walmart_email@com.br,,banido,,"sem e-mail","não permitido",1969,12,31,16,0,0,Fuso horário padrão do Pacífico