Participantes do grupo Mail Funcionários
Endereço de e-mail,Apelido,Status do grupo,Status do e-mail,Preferência de e-mail,Permissões de postagem,Ano de inscrição,Mês de inscrição,Dia de inscrição,Hora de inscrição,Minuto de inscrição,Segundo de inscrição,Fuso horário
adrianafalconeri@creapa.com.br,,participante,,"e-mail","não permitido",2018,12,26,7,33,17,Fuso horário padrão do Pacífico
alanlima@creapa.com.br,,participante,,"e-mail","não permitido",2018,12,26,7,33,17,Fuso horário padrão do Pacífico
alberto@creapa.com.br,,participante,,"e-mail","não permitido",2018,12,26,8,40,0,Fuso horário padrão do Pacífico
alexandrina@creapa.com.br,,participante,,"e-mail","não permitido",2018,12,26,7,33,17,Fuso horário padrão do Pacífico
alexferreira@creapa.com.br,,participante,,"e-mail","não permitido",2018,12,26,7,33,17,Fuso horário padrão do Pacífico
anacavalcante@creapa.com.br,,participante,,"e-mail","não permitido",2018,12,26,8,45,56,Fuso horário padrão do Pacífico
anaclaudia@creapa.com.br,,participante,,"e-mail","não permitido",2018,12,26,7,33,17,Fuso horário padrão do Pacífico
analuzia@creapa.com.br,,participante,,"e-mail","não permitido",2018,12,26,7,33,17,Fuso horário padrão do Pacífico
anapaula@creapa.com.br,,participante,,"e-mail","não permitido",2018,12,26,7,33,17,Fuso horário padrão do Pacífico
andersonc@creapa.com.br,,participante,,"e-mail","não permitido",2018,12,26,7,33,17,Fuso horário padrão do Pacífico
andrea@creapa.com.br,,participante,,"e-mail","não permitido",2018,12,26,7,35,9,Fuso horário padrão do Pacífico
andreaalbuquerque@creapa.com.br,,participante,,"e-mail","não permitido",2018,12,26,7,35,9,Fuso horário padrão do Pacífico
andrejev@creapa.com.br,,participante,,"e-mail","não permitido",2018,12,26,7,35,9,Fuso horário padrão do Pacífico
andresantos@creapa.com.br,,participante,,"e-mail","não permitido",2018,12,26,8,32,37,Fuso horário padrão do Pacífico
arissaniwa@creapa.com.br,,participante,,"e-mail","não permitido",2018,12,26,8,51,54,Fuso horário padrão do Pacífico
ascom@creapa.com.br,,proprietário,,"e-mail","permitido",2018,12,26,7,36,56,Fuso horário padrão do Pacífico
assessoriaparlamentar@creapa.com.br,,participante,,"e-mail","não permitido",2018,12,26,8,32,37,Fuso horário padrão do Pacífico
augusto@creapa.com.br,,participante,,"e-mail","não permitido",2018,12,26,7,36,56,Fuso horário padrão do Pacífico
auriceliamartins@creapa.com.br,,participante,,"e-mail","não permitido",2020,3,18,7,28,8,Fuso horário padrão do Pacífico
bernadetelopes@creapa.com.br,,participante,,"e-mail","não permitido",2018,12,26,7,37,34,Fuso horário padrão do Pacífico
beto@creapa.com.br,,participante,,"e-mail","não permitido",2018,12,26,8,51,54,Fuso horário padrão do Pacífico
biancaferreira@creapa.com.br,,participante,,"e-mail","não permitido",2019,6,17,8,30,0,Fuso horário padrão do Pacífico
bruna@creapa.com.br,,participante,,"e-mail","não permitido",2018,12,26,7,37,34,Fuso horário padrão do Pacífico
carolteixeira@creapa.com.br,,participante,,"e-mail","não permitido",2018,12,26,7,35,9,Fuso horário padrão do Pacífico
cezarborgonove@creapa.com.br,,participante,,"e-mail","não permitido",2018,12,26,7,39,57,Fuso horário padrão do Pacífico
cinthia@creapa.com.br,,participante,,"e-mail","não permitido",2018,12,26,7,39,57,Fuso horário padrão do Pacífico
claudeanemoraes@creapa.com.br,,participante,,"e-mail","não permitido",2018,12,26,7,39,57,Fuso horário padrão do Pacífico
cleidianesilva@creapa.com.br,,participante,,"e-mail","não permitido",2018,12,26,7,39,57,Fuso horário padrão do Pacífico
cleriston@creapa.com.br,,participante,,"e-mail","não permitido",2018,12,26,7,39,57,Fuso horário padrão do Pacífico
clodoaldo@creapa.com.br,,participante,,"e-mail","não permitido",2018,12,26,7,39,57,Fuso horário padrão do Pacífico
conceicao@creapa.com.br,,participante,,"e-mail","não permitido",2018,12,26,8,45,57,Fuso horário padrão do Pacífico
constantino@creapa.com.br,,participante,,"e-mail","não permitido",2018,12,26,8,40,0,Fuso horário padrão do Pacífico
cristianefranca@creapa.com.br,,participante,,"e-mail","não permitido",2018,12,26,7,39,57,Fuso horário padrão do Pacífico
dalva@creapa.com.br,,participante,,"e-mail","não permitido",2018,12,26,7,40,15,Fuso horário padrão do Pacífico
darlensouza@creapa.com.br,,participante,,"e-mail","não permitido",2018,12,26,7,42,46,Fuso horário padrão do Pacífico
darlisonsouza@creapa.com.br,,participante,,"e-mail","não permitido",2018,12,26,7,42,46,Fuso horário padrão do Pacífico
dayany@creapa.com.br,,participante,,"e-mail","não permitido",2018,12,26,7,42,46,Fuso horário padrão do Pacífico
denisefacanha@creapa.com.br,,participante,,"e-mail","não permitido",2018,12,26,7,42,46,Fuso horário padrão do Pacífico
denize@creapa.com.br,,participante,,"e-mail","não permitido",2018,12,26,7,42,46,Fuso horário padrão do Pacífico
deyze@creapa.com.br,,participante,,"e-mail","não permitido",2018,12,26,7,42,46,Fuso horário padrão do Pacífico
djalma@creapa.com.br,,participante,,"e-mail","não permitido",2018,12,26,7,42,46,Fuso horário padrão do Pacífico
doceu@creapa.com.br,,participante,,"e-mail","não permitido",2018,12,26,8,45,57,Fuso horário padrão do Pacífico
donato@creapa.com.br,,participante,,"e-mail","não permitido",2018,12,26,7,42,46,Fuso horário padrão do Pacífico
douglasnazare@creapa.com.br,,participante,,"e-mail","não permitido",2018,12,26,7,42,46,Fuso horário padrão do Pacífico
dulce@creapa.com.br,,participante,,"e-mail","não permitido",2018,12,26,7,42,46,Fuso horário padrão do Pacífico
edevalsilva@creapa.com.br,,participante,,"e-mail","não permitido",2020,5,20,9,29,53,Fuso horário padrão do Pacífico
edilene@creapa.com.br,,participante,,"e-mail","não permitido",2018,12,26,7,52,11,Fuso horário padrão do Pacífico
eduardo@creapa.com.br,,participante,,"e-mail","não permitido",2018,12,26,7,52,11,Fuso horário padrão do Pacífico
eliane@creapa.com.br,,participante,,"e-mail","não permitido",2018,12,26,7,52,11,Fuso horário padrão do Pacífico
elianesilva@creapa.com.br,,participante,,"e-mail","não permitido",2018,12,26,7,52,11,Fuso horário padrão do Pacífico
elival@creapa.com.br,,participante,,"e-mail","não permitido",2018,12,26,7,52,11,Fuso horário padrão do Pacífico
ercioaraujo@creapa.com.br,,participante,,"e-mail","não permitido",2018,12,26,7,52,11,Fuso horário padrão do Pacífico
erick@creapa.com.br,,participante,,"e-mail","não permitido",2018,12,26,7,52,11,Fuso horário padrão do Pacífico
erivaldo@creapa.com.br,,participante,,"e-mail","não permitido",2018,12,26,7,52,11,Fuso horário padrão do Pacífico
eronilda@creapa.com.br,,participante,,"e-mail","não permitido",2018,12,26,7,52,11,Fuso horário padrão do Pacífico
fabianaximenes@creapa.com.br,,participante,,"e-mail","não permitido",2018,12,26,7,52,11,Fuso horário padrão do Pacífico
fabriciodantas@creapa.com.br,,participante,,"e-mail","não permitido",2018,12,26,7,52,11,Fuso horário padrão do Pacífico
fafadocarmo@creapa.com.br,,participante,,"e-mail","não permitido",2018,12,26,8,45,56,Fuso horário padrão do Pacífico
felix@creapa.com.br,,participante,,"e-mail","não permitido",2018,12,26,7,52,11,Fuso horário padrão do Pacífico
fernandastm@creapa.com.br,,participante,,"e-mail","não permitido",2018,12,26,7,52,11,Fuso horário padrão do Pacífico
floriano@creapa.com.br,,participante,,"e-mail","não permitido",2018,12,26,7,52,11,Fuso horário padrão do Pacífico
francisco.soares@creapa.com.br,,participante,,"e-mail","não permitido",2018,12,26,8,32,37,Fuso horário padrão do Pacífico
franciscofraga@creapa.com.br,,participante,,"e-mail","não permitido",2018,12,26,8,32,37,Fuso horário padrão do Pacífico
franstm@creapa.com.br,,participante,,"e-mail","não permitido",2018,12,26,8,32,37,Fuso horário padrão do Pacífico
gabrielrocha@creapa.com.br,,participante,,"e-mail","não permitido",2018,12,26,7,39,57,Fuso horário padrão do Pacífico
gady@creapa.com.br,,participante,,"e-mail","não permitido",2018,12,26,8,45,56,Fuso horário padrão do Pacífico
geovani@creapa.com.br,,participante,,"e-mail","não permitido",2018,12,26,8,32,37,Fuso horário padrão do Pacífico
gerson@creapa.com.br,,participante,,"e-mail","não permitido",2018,12,26,8,32,37,Fuso horário padrão do Pacífico
gilberto@creapa.com.br,,participante,,"e-mail","não permitido",2018,12,26,8,32,37,Fuso horário padrão do Pacífico
giselelaiz@creapa.com.br,,participante,,"e-mail","não permitido",2018,12,26,8,32,37,Fuso horário padrão do Pacífico
glaucie@creapa.com.br,,participante,,"e-mail","não permitido",2018,12,26,8,36,42,Fuso horário padrão do Pacífico
glayds@creapa.com.br,,participante,,"e-mail","não permitido",2018,12,26,8,36,42,Fuso horário padrão do Pacífico
haroldo@creapa.com.br,,participante,,"e-mail","não permitido",2018,12,26,8,36,42,Fuso horário padrão do Pacífico
helena@creapa.com.br,,participante,,"e-mail","não permitido",2018,12,26,8,36,42,Fuso horário padrão do Pacífico
heloisa@creapa.com.br,,participante,,"e-mail","não permitido",2018,12,26,8,36,42,Fuso horário padrão do Pacífico
israelcoelho@creapa.com.br,,participante,,"e-mail","não permitido",2020,3,24,9,39,38,Fuso horário padrão do Pacífico
jader@creapa.com.br,,participante,,"e-mail","não permitido",2018,12,26,8,36,42,Fuso horário padrão do Pacífico
jaquelinelima@creapa.com.br,,participante,,"e-mail","não permitido",2018,12,26,8,36,42,Fuso horário padrão do Pacífico
jefersonlima@creapa.com.br,,participante,,"e-mail","não permitido",2018,12,26,8,36,42,Fuso horário padrão do Pacífico
jeffersonpereira@creapa.com.br,,participante,,"e-mail","não permitido",2020,3,24,9,40,29,Fuso horário padrão do Pacífico
joelsonsilva@creapa.com.br,,participante,,"e-mail","não permitido",2018,12,26,8,36,42,Fuso horário padrão do Pacífico
jordanalbuquerque@creapa.com.br,,participante,,"e-mail","não permitido",2018,12,26,8,36,42,Fuso horário padrão do Pacífico
josegomes@creapa.com.br,,participante,,"e-mail","não permitido",2018,12,26,8,36,42,Fuso horário padrão do Pacífico
josemiranda@creapa.com.br,,participante,,"e-mail","não permitido",2018,12,26,8,36,42,Fuso horário padrão do Pacífico
josiene@creapa.com.br,,participante,,"e-mail","não permitido",2018,12,26,8,36,42,Fuso horário padrão do Pacífico
julia@creapa.com.br,,participante,,"e-mail","não permitido",2018,12,26,8,40,0,Fuso horário padrão do Pacífico
karinapinto@creapa.com.br,,participante,,"e-mail","não permitido",2018,12,26,7,33,17,Fuso horário padrão do Pacífico
kleber@creapa.com.br,,participante,,"e-mail","não permitido",2018,12,26,8,40,0,Fuso horário padrão do Pacífico
kleiton@creapa.com.br,,participante,,"e-mail","não permitido",2018,12,26,8,40,0,Fuso horário padrão do Pacífico
laercioanastacio@creapa.com.br,,participante,,"e-mail","não permitido",2018,12,26,8,40,0,Fuso horário padrão do Pacífico
laissouza@creapa.com.br,,participante,devolvido,"e-mail","não permitido",2018,12,26,7,39,57,Fuso horário padrão do Pacífico
layanasilva@creapa.com.br,,participante,devolvido,"e-mail","não permitido",2018,12,26,8,40,0,Fuso horário padrão do Pacífico
lediane@creapa.com.br,,participante,,"e-mail","não permitido",2018,12,26,8,40,0,Fuso horário padrão do Pacífico
leo@creapa.com.br,,participante,,"e-mail","não permitido",2018,12,26,8,40,0,Fuso horário padrão do Pacífico
lizsilva@creapa.com.br,,participante,,"e-mail","não permitido",2020,3,26,7,57,1,Fuso horário padrão do Pacífico
luciano@creapa.com.br,,participante,,"e-mail","não permitido",2018,12,26,8,40,0,Fuso horário padrão do Pacífico
luizclaudio@creapa.com.br,,participante,,"e-mail","não permitido",2018,12,26,8,40,0,Fuso horário padrão do Pacífico
luzia@creapa.com.br,,participante,,"e-mail","não permitido",2018,12,26,8,45,57,Fuso horário padrão do Pacífico
manoelviana@creapa.com.br,,participante,,"e-mail","não permitido",2018,12,26,8,45,56,Fuso horário padrão do Pacífico
marcel@creapa.com.br,,participante,,"e-mail","não permitido",2018,12,26,8,45,56,Fuso horário padrão do Pacífico
marcelopantoja@creapa.com.br,,participante,,"e-mail","não permitido",2018,12,26,8,45,57,Fuso horário padrão do Pacífico
marciosalomao@creapa.com.br,,participante,,"e-mail","não permitido",2018,12,26,8,45,57,Fuso horário padrão do Pacífico
marcusfrank@creapa.com.br,,participante,,"e-mail","não permitido",2018,12,26,8,45,56,Fuso horário padrão do Pacífico
mariagama@creapa.com.br,,participante,devolvido,"e-mail","não permitido",2019,10,17,4,52,7,Fuso horário padrão do Pacífico
marisamelo@creapa.com.br,,participante,,"e-mail","não permitido",2020,8,18,8,12,18,Fuso horário padrão do Pacífico
mary@creapa.com.br,,participante,,"e-mail","não permitido",2018,12,26,8,45,56,Fuso horário padrão do Pacífico
matheusmendes@creapa.com.br,,participante,,"e-mail","não permitido",2018,12,26,8,45,56,Fuso horário padrão do Pacífico
mauriciorocha@creapa.com.br,,participante,,"e-mail","não permitido",2020,3,18,7,17,47,Fuso horário padrão do Pacífico
mercia@creapa.com.br,,participante,,"e-mail","não permitido",2018,12,26,8,45,56,Fuso horário padrão do Pacífico
michelleveras@creapa.com.br,,participante,,"e-mail","não permitido",2018,12,26,8,45,56,Fuso horário padrão do Pacífico
migracaozimbra@creapa.com.br,,participante,,"e-mail","não permitido",2021,1,20,8,39,58,Fuso horário padrão do Pacífico
negrao@creapa.com.br,,participante,,"e-mail","não permitido",2018,12,26,8,41,3,Fuso horário padrão do Pacífico
norma@creapa.com.br,,participante,,"e-mail","não permitido",2018,12,26,8,51,54,Fuso horário padrão do Pacífico
odilon@creapa.com.br,,participante,,"e-mail","não permitido",2018,12,26,8,51,54,Fuso horário padrão do Pacífico
odir@creapa.com.br,,participante,,"e-mail","não permitido",2018,12,26,8,51,54,Fuso horário padrão do Pacífico
oelton@creapa.com.br,,participante,,"e-mail","não permitido",2018,12,26,8,51,54,Fuso horário padrão do Pacífico
oscarina@creapa.com.br,,participante,,"e-mail","não permitido",2018,12,26,8,51,54,Fuso horário padrão do Pacífico
osman@creapa.com.br,,participante,,"e-mail","não permitido",2018,12,26,8,51,55,Fuso horário padrão do Pacífico
palheta@creapa.com.br,,participante,,"e-mail","não permitido",2018,12,26,7,52,11,Fuso horário padrão do Pacífico
patrickqueiroz@creapa.com.br,,participante,,"e-mail","não permitido",2018,12,26,7,35,9,Fuso horário padrão do Pacífico
paulobarbosa@creapa.com.br,,participante,,"e-mail","não permitido",2018,12,26,8,51,54,Fuso horário padrão do Pacífico
paulodetarso@creapa.com.br,,participante,,"e-mail","não permitido",2018,12,26,8,51,54,Fuso horário padrão do Pacífico
paulomoraes@creapa.com.br,,participante,devolvido,"e-mail","não permitido",2019,5,8,4,41,23,Fuso horário padrão do Pacífico
polianasilva@creapa.com.br,,participante,,"e-mail","não permitido",2020,3,26,8,0,13,Fuso horário padrão do Pacífico
raqueltavares@creapa.com.br,,participante,,"e-mail","não permitido",2018,12,26,7,33,17,Fuso horário padrão do Pacífico
rayfranpires@creapa.com.br,,participante,,"e-mail","não permitido",2018,12,26,8,51,54,Fuso horário padrão do Pacífico
renato.milhomem@creapa.com.br,,participante,,"e-mail","não permitido",2018,12,26,8,51,54,Fuso horário padrão do Pacífico
rita@creapa.com.br,,participante,,"e-mail","não permitido",2018,12,26,8,51,54,Fuso horário padrão do Pacífico
robertocarlos@creapa.com.br,,participante,,"e-mail","não permitido",2018,12,26,8,51,54,Fuso horário padrão do Pacífico
rodolfolima@creapa.com.br,,participante,,"e-mail","não permitido",2018,12,26,8,51,54,Fuso horário padrão do Pacífico
rodrigorocha@creapa.com.br,,participante,,"e-mail","não permitido",2018,12,26,8,51,54,Fuso horário padrão do Pacífico
roseleneribeiro@creapa.com.br,,participante,,"e-mail","não permitido",2018,12,26,8,51,54,Fuso horário padrão do Pacífico
rosinete@creapa.com.br,,participante,,"e-mail","não permitido",2018,12,26,8,51,54,Fuso horário padrão do Pacífico
ruicarvalho@creapa.com.br,,participante,,"e-mail","não permitido",2018,12,26,8,51,54,Fuso horário padrão do Pacífico
ruticileneribeiro@creapa.com.br,,participante,,"e-mail","não permitido",2018,12,26,8,51,54,Fuso horário padrão do Pacífico
sandrafelizardo@creapa.com.br,,participante,,"e-mail","não permitido",2018,12,26,8,51,54,Fuso horário padrão do Pacífico
sheila@creapa.com.br,,participante,,"e-mail","não permitido",2018,12,26,8,51,54,Fuso horário padrão do Pacífico
sholini@creapa.com.br,,participante,,"e-mail","não permitido",2018,12,26,8,45,56,Fuso horário padrão do Pacífico
silvia@creapa.com.br,,participante,,"e-mail","não permitido",2018,12,26,8,51,55,Fuso horário padrão do Pacífico
silvio@creapa.com.br,,participante,,"e-mail","não permitido",2018,12,26,8,51,54,Fuso horário padrão do Pacífico
socorro@creapa.com.br,,participante,,"e-mail","não permitido",2018,12,26,7,52,11,Fuso horário padrão do Pacífico
sousa@creapa.com.br,,participante,,"e-mail","não permitido",2018,12,26,8,36,42,Fuso horário padrão do Pacífico
tacyane@creapa.com.br,,participante,,"e-mail","não permitido",2018,12,26,7,52,11,Fuso horário padrão do Pacífico
taianerodrigues@creapa.com.br,,participante,,"e-mail","não permitido",2018,12,26,8,51,54,Fuso horário padrão do Pacífico
tania@creapa.com.br,,participante,,"e-mail","não permitido",2018,12,26,8,51,54,Fuso horário padrão do Pacífico
telma@creapa.com.br,,participante,,"e-mail","não permitido",2018,12,26,8,51,54,Fuso horário padrão do Pacífico
thaisepadilha@creapa.com.br,,participante,,"e-mail","não permitido",2020,3,26,8,2,23,Fuso horário padrão do Pacífico
thayslima@creapa.com.br,,participante,,"e-mail","não permitido",2018,12,26,8,53,39,Fuso horário padrão do Pacífico
valmar@creapa.com.br,,participante,devolvido,"e-mail","não permitido",2018,12,26,8,53,39,Fuso horário padrão do Pacífico
vamaramoraes@creapa.com.br,,participante,,"e-mail","não permitido",2018,12,26,8,53,39,Fuso horário padrão do Pacífico
vanessa@creapa.com.br,,participante,,"e-mail","não permitido",2018,12,26,8,53,39,Fuso horário padrão do Pacífico
verenamargalho@creapa.com.br,,participante,,"e-mail","não permitido",2018,12,26,8,53,39,Fuso horário padrão do Pacífico
weslleysantos@creapa.com.br,,participante,,"e-mail","não permitido",2018,12,26,8,53,39,Fuso horário padrão do Pacífico
xambearantes@creapa.com.br,,participante,,"e-mail","não permitido",2018,12,26,8,53,39,Fuso horário padrão do Pacífico
yona@creapa.com.br,,participante,,"e-mail","não permitido",2018,12,26,8,53,39,Fuso horário padrão do Pacífico