Participantes do grupo GPF - CREA PA
Endereço de e-mail,Apelido,Status do grupo,Status do e-mail,Preferência de e-mail,Permissões de postagem,Ano de inscrição,Mês de inscrição,Dia de inscrição,Hora de inscrição,Minuto de inscrição,Segundo de inscrição,Fuso horário
andersonc@creapa.com.br,,participante,,"e-mail","permitido",2019,9,17,8,35,53,Fuso horário padrão do Pacífico
jader@creapa.com.br,"jader",participante,,"e-mail","permitido",2016,2,11,6,28,2,Fuso horário padrão do Pacífico
jeffersonpereira@creapa.com.br,,participante,,"e-mail","permitido",2020,4,8,4,37,5,Fuso horário padrão do Pacífico
jordanalbuquerque@creapa.com.br,,participante,,"e-mail","permitido",2019,6,4,6,36,9,Fuso horário padrão do Pacífico
marisamelo@creapa.com.br,,participante,,"e-mail","permitido",2020,4,8,4,37,5,Fuso horário padrão do Pacífico
migracaozimbra@creapa.com.br,,participante,,"e-mail","permitido",2021,1,20,8,59,20,Fuso horário padrão do Pacífico
odilon@creapa.com.br,,participante,,"e-mail","permitido",2020,4,1,10,6,30,Fuso horário padrão do Pacífico
palheta@creapa.com.br,,participante,,"e-mail","permitido",2020,4,8,4,37,5,Fuso horário padrão do Pacífico