Participantes do grupo GRI - CREA PA
Endereço de e-mail,Apelido,Status do grupo,Status do e-mail,Preferência de e-mail,Permissões de postagem,Ano de inscrição,Mês de inscrição,Dia de inscrição,Hora de inscrição,Minuto de inscrição,Segundo de inscrição,Fuso horário
alexferreira@creapa.com.br,,participante,,"e-mail","permitido",2018,4,24,5,8,55,Fuso horário padrão do Pacífico
helena@creapa.com.br,"helena",participante,,"e-mail","permitido",2016,2,11,6,28,47,Fuso horário padrão do Pacífico
laissouza@creapa.com.br,,participante,devolvido,"e-mail","não permitido",2018,4,24,5,5,57,Fuso horário padrão do Pacífico
marcelopantoja@creapa.com.br,"marcelopantoja",participante,,"e-mail","permitido",2016,2,11,6,28,47,Fuso horário padrão do Pacífico
migracaozimbra@creapa.com.br,,participante,,"e-mail","permitido",2021,1,20,8,59,30,Fuso horário padrão do Pacífico