Participantes do grupo Imprensa Interior
Endereço de e-mail,Apelido,Status do grupo,Status do e-mail,Preferência de e-mail,Permissões de postagem,Ano de inscrição,Mês de inscrição,Dia de inscrição,Hora de inscrição,Minuto de inscrição,Segundo de inscrição,Fuso horário
amandadasilva@gmail.com,,participante,,"e-mail","permitido",2018,4,18,5,26,2,Fuso horário padrão do Pacífico
canaatv@outlook.com,,participante,,"e-mail","permitido",2018,4,18,5,26,2,Fuso horário padrão do Pacífico
faturamento@sistemafloresta.com.br,,participante,,"e-mail","permitido",2018,4,18,5,26,2,Fuso horário padrão do Pacífico
fm97tuc@gmail.com,,participante,,"e-mail","permitido",2018,4,18,5,26,2,Fuso horário padrão do Pacífico
folhadoprogresso@folhadoprogresso.com.br,,participante,,"e-mail","permitido",2018,4,18,5,26,2,Fuso horário padrão do Pacífico
luizpereiraam@hotmail.com,,participante,,"e-mail","permitido",2018,4,18,5,26,2,Fuso horário padrão do Pacífico
marciotuc@tvliberal.com.br,,participante,,"e-mail","permitido",2018,4,18,5,26,2,Fuso horário padrão do Pacífico
migracaozimbra@creapa.com.br,,participante,,"e-mail","permitido",2021,1,20,8,59,41,Fuso horário padrão do Pacífico
patricia@sistemafloresta.com.br,,participante,,"e-mail","permitido",2018,4,18,5,26,2,Fuso horário padrão do Pacífico
portal@grupocorreio.com.br,,participante,,"e-mail","permitido",2018,4,18,5,26,2,Fuso horário padrão do Pacífico
radioclubedeparagominas670@gmail.com,,participante,,"e-mail","permitido",2018,4,18,5,26,2,Fuso horário padrão do Pacífico
radiofiladelfia105@hotmail.com,,participante,,"e-mail","permitido",2018,4,18,5,26,2,Fuso horário padrão do Pacífico
redacao@an10.com.br,,participante,,"e-mail","permitido",2018,11,7,22,9,43,Fuso horário padrão do Pacífico
sbt.braganca@yahoo.com.br,,participante,,"e-mail","permitido",2018,4,18,5,26,2,Fuso horário padrão do Pacífico
sistemaadonai@gmail.com,,participante,,"e-mail","permitido",2018,4,18,5,26,2,Fuso horário padrão do Pacífico