Participantes do grupo imprensacapital
Endereço de e-mail,Apelido,Status do grupo,Status do e-mail,Preferência de e-mail,Permissões de postagem,Ano de inscrição,Mês de inscrição,Dia de inscrição,Hora de inscrição,Minuto de inscrição,Segundo de inscrição,Fuso horário
andremousinho@tvliberal.com.br,,participante,,"e-mail","permitido",2018,4,18,5,20,53,Fuso horário padrão do Pacífico
babibrilhantejor@gmail.com,,participante,,"e-mail","permitido",2018,4,18,5,20,53,Fuso horário padrão do Pacífico
brenno@tvliberal.com.br,,participante,,"e-mail","permitido",2018,4,18,5,20,53,Fuso horário padrão do Pacífico
camilladelduque@gmail.com,,participante,,"e-mail","permitido",2018,4,18,5,20,53,Fuso horário padrão do Pacífico
carlosbrito.jornalismo@gmail.com,,participante,,"e-mail","permitido",2018,4,18,5,20,53,Fuso horário padrão do Pacífico
christianemanoel@gmail.com,,participante,,"e-mail","permitido",2018,4,18,5,20,53,Fuso horário padrão do Pacífico
christianemanoel@uol.com.br,,participante,,"e-mail","permitido",2018,4,18,5,20,53,Fuso horário padrão do Pacífico
cleydson.evaristo@gmail.com,,participante,,"e-mail","permitido",2018,4,18,5,20,53,Fuso horário padrão do Pacífico
clotilde.dantas@tvliberal.com.br,,participante,,"e-mail","permitido",2018,4,18,5,20,53,Fuso horário padrão do Pacífico
dandan.desouzamartins@gmail.com,,participante,,"e-mail","permitido",2018,4,18,5,20,53,Fuso horário padrão do Pacífico
dcsoaress@gmail.com,,participante,,"e-mail","permitido",2018,4,18,5,20,53,Fuso horário padrão do Pacífico
fabiano.villela@tvglobo.com.br,,participante,,"e-mail","permitido",2018,4,18,5,20,53,Fuso horário padrão do Pacífico
geraldampos5@hotmail.com,,participante,,"e-mail","permitido",2018,4,18,5,20,53,Fuso horário padrão do Pacífico
gibson_alexandre@hotmail.com,,participante,,"e-mail","permitido",2018,4,18,5,20,53,Fuso horário padrão do Pacífico
jackelyne@tvliberal.com.br,,participante,,"e-mail","permitido",2018,4,18,5,20,53,Fuso horário padrão do Pacífico
jalilia@tvliberal.com.br,,participante,,"e-mail","permitido",2018,4,18,5,20,53,Fuso horário padrão do Pacífico
jessgatti12@gmail.com,,participante,,"e-mail","permitido",2018,4,18,5,20,53,Fuso horário padrão do Pacífico
jl1@tvliberal.com.br,,participante,,"e-mail","permitido",2018,4,18,5,21,20,Fuso horário padrão do Pacífico
joaojadson@tvliberal.com.br,,participante,,"e-mail","permitido",2018,4,18,5,20,53,Fuso horário padrão do Pacífico
josymaciel@tvliberal.com.br,,participante,devolvido,"e-mail","permitido",2018,4,18,5,20,53,Fuso horário padrão do Pacífico
julize@tvliberal.com.br,,participante,,"e-mail","permitido",2018,4,18,5,20,53,Fuso horário padrão do Pacífico
laisecoelho.jor@gmail.com,,participante,,"e-mail","permitido",2018,4,18,5,20,53,Fuso horário padrão do Pacífico
lidiane@tvliberal.com.br,,participante,,"e-mail","permitido",2018,4,18,5,21,20,Fuso horário padrão do Pacífico
lucasduartematos@gmail.com,,participante,,"e-mail","permitido",2018,4,18,5,21,20,Fuso horário padrão do Pacífico
lucilarpereira93@gmailk.com,,participante,devolvido,"e-mail","permitido",2018,4,18,5,20,53,Fuso horário padrão do Pacífico
marcelodinellyjornalista@gmail.com,,participante,,"e-mail","permitido",2018,4,18,5,21,20,Fuso horário padrão do Pacífico
marcio@tvliberal.com.br,,participante,devolvido,"e-mail","permitido",2018,4,18,5,21,20,Fuso horário padrão do Pacífico
matheusrochaf@gmail.com,,participante,,"e-mail","permitido",2018,4,18,5,21,20,Fuso horário padrão do Pacífico
migracaozimbra@creapa.com.br,,participante,,"e-mail","permitido",2021,1,20,8,59,50,Fuso horário padrão do Pacífico
nathalia.kahwage@gmail.com,,participante,,"e-mail","permitido",2018,4,18,5,21,20,Fuso horário padrão do Pacífico
nestor@tvliberal.com.br,,participante,,"e-mail","permitido",2018,4,18,5,21,20,Fuso horário padrão do Pacífico
paulorogeriofernandes74@gmail.com,,participante,,"e-mail","permitido",2020,2,6,13,46,3,Fuso horário padrão do Pacífico
priscillacastro@tvliberal.com.br,,participante,,"e-mail","permitido",2018,4,18,5,21,20,Fuso horário padrão do Pacífico
psousa.jornalista@gmail.com,,participante,,"e-mail","permitido",2018,4,18,5,21,20,Fuso horário padrão do Pacífico
rfrias@tvliberal.com.br,,participante,devolvido,"sem e-mail","permitido",2018,4,18,5,21,20,Fuso horário padrão do Pacífico
rosangelagusmao@tvliberal.com.br,,participante,,"e-mail","permitido",2018,4,18,5,21,20,Fuso horário padrão do Pacífico
tainaaires@tvliberal.com.br,,participante,,"e-mail","permitido",2018,4,18,5,21,20,Fuso horário padrão do Pacífico
taynahoriguchi@gmail.com,,participante,,"e-mail","permitido",2018,4,18,5,21,20,Fuso horário padrão do Pacífico
tayseassis@tvliberal.com.br,,participante,,"e-mail","permitido",2018,4,18,5,21,20,Fuso horário padrão do Pacífico
vidasqueiroz1@gmail.com,,participante,,"e-mail","permitido",2018,4,18,5,20,53,Fuso horário padrão do Pacífico
williamdifarias@tvliberal.com.br,,participante,,"e-mail","permitido",2018,4,18,5,21,20,Fuso horário padrão do Pacífico