Participantes do grupo Infraestrutura - CREA PA
Endereço de e-mail,Apelido,Status do grupo,Status do e-mail,Preferência de e-mail,Permissões de postagem,Ano de inscrição,Mês de inscrição,Dia de inscrição,Hora de inscrição,Minuto de inscrição,Segundo de inscrição,Fuso horário
clodoaldo@creapa.com.br,"clodoaldo",participante,,"e-mail","permitido",2016,2,11,6,34,48,Fuso horário padrão do Pacífico
edevalsilva@creapa.com.br,,participante,,"e-mail","permitido",2020,5,20,9,27,53,Fuso horário padrão do Pacífico
erick@creapa.com.br,"erick",participante,,"e-mail","permitido",2016,2,11,6,34,48,Fuso horário padrão do Pacífico
francisco.soares@creapa.com.br,,participante,,"e-mail","permitido",2020,8,3,5,49,5,Fuso horário padrão do Pacífico
gcesila@ebusinessbrasil.org.br,,banido,,"sem e-mail","não permitido",1969,12,31,16,0,0,Fuso horário padrão do Pacífico
haroldo@creapa.com.br,"haroldo",participante,,"e-mail","permitido",2016,2,11,6,34,48,Fuso horário padrão do Pacífico
luciano@creapa.com.br,,participante,,"e-mail","permitido",2020,6,24,10,4,8,Fuso horário padrão do Pacífico
mariasantos@creapa.com.br,,participante,,"e-mail","permitido",2020,12,2,8,20,51,Fuso horário padrão do Pacífico
migracaozimbra@creapa.com.br,,participante,,"e-mail","permitido",2021,1,20,8,59,56,Fuso horário padrão do Pacífico
newsletter@microsafe.com.br,,banido,devolvido,"sem e-mail","não permitido",1969,12,31,16,0,0,Fuso horário padrão do Pacífico
norma@creapa.com.br,"norma",participante,,"e-mail","permitido",2016,2,11,6,35,11,Fuso horário padrão do Pacífico
silvio@creapa.com.br,,participante,,"e-mail","permitido",2020,5,20,9,29,3,Fuso horário padrão do Pacífico
weslleysantos@creapa.com.br,"weslleysantos",participante,,"e-mail","permitido",2017,3,3,5,11,19,Fuso horário padrão do Pacífico