Participantes do grupo Inspetoria de Canaã dos Carajás
Endereço de e-mail,Apelido,Status do grupo,Status do e-mail,Preferência de e-mail,Permissões de postagem,Ano de inscrição,Mês de inscrição,Dia de inscrição,Hora de inscrição,Minuto de inscrição,Segundo de inscrição,Fuso horário
darlisonsouza@creapa.com.br,,participante,,"e-mail","permitido",2018,6,20,9,2,33,Fuso horário padrão do Pacífico
eliane@creapa.com.br,,participante,,"e-mail","permitido",2020,9,14,5,16,30,Fuso horário padrão do Pacífico
info@atostreinamentos.com.br,,banido,devolvido,"sem e-mail","não permitido",1969,12,31,16,0,0,Fuso horário padrão do Pacífico
migracaozimbra@creapa.com.br,,participante,,"e-mail","permitido",2021,1,20,9,0,42,Fuso horário padrão do Pacífico
thaisepadilha@creapa.com.br,,participante,,"e-mail","permitido",2020,3,26,8,2,23,Fuso horário padrão do Pacífico