Participantes do grupo Inspetorias - CREA PA
Endereço de e-mail,Apelido,Status do grupo,Status do e-mail,Preferência de e-mail,Permissões de postagem,Ano de inscrição,Mês de inscrição,Dia de inscrição,Hora de inscrição,Minuto de inscrição,Segundo de inscrição,Fuso horário
anachagas@creapa.com.br,,participante,,"e-mail","não permitido",2020,1,15,4,48,34,Fuso horário padrão do Pacífico
eliane@creapa.com.br,,proprietário,,"e-mail","permitido",2020,9,11,7,10,5,Fuso horário padrão do Pacífico
insp.altamira@creapa.com.br,"insp.altamira",participante,,"e-mail","não permitido",2016,2,26,5,24,45,Fuso horário padrão do Pacífico
insp.ananindeua@creapa.com.br,"insp.ananindeua",participante,,"e-mail","não permitido",2016,2,26,5,24,45,Fuso horário padrão do Pacífico
insp.araguaia@creapa.com.br,"insp.araguaia",participante,,"e-mail","não permitido",2016,2,26,7,46,48,Fuso horário padrão do Pacífico
insp.barcarena@creapa.com.br,"insp.barcarena",participante,,"e-mail","não permitido",2016,2,26,5,44,37,Fuso horário padrão do Pacífico
insp.cameta@creapa.com.br,"insp.cameta",participante,,"e-mail","não permitido",2016,2,26,6,17,0,Fuso horário padrão do Pacífico
insp.canaa@creapa.com.br,"insp.canaa",participante,,"e-mail","não permitido",2016,2,26,6,26,49,Fuso horário padrão do Pacífico
insp.capanema@creapa.com.br,"insp.capanema",participante,,"e-mail","não permitido",2016,2,26,6,36,14,Fuso horário padrão do Pacífico
insp.castanhal@creapa.com.br,"insp.castanhal",participante,,"e-mail","não permitido",2016,2,26,6,39,24,Fuso horário padrão do Pacífico
insp.itaituba@creapa.com.br,"insp.itaituba",participante,,"e-mail","não permitido",2016,2,26,7,59,44,Fuso horário padrão do Pacífico
insp.maraba@creapa.com.br,"insp.maraba",participante,,"e-mail","não permitido",2016,2,26,7,59,10,Fuso horário padrão do Pacífico
insp.montealegre@creapa.com.br,"insp.montealegre",participante,,"e-mail","não permitido",2016,2,29,8,12,7,Fuso horário padrão do Pacífico
insp.oriximina@creapa.com.br,"insp.oriximina",participante,,"e-mail","não permitido",2016,2,29,8,35,13,Fuso horário padrão do Pacífico
insp.paragominas@creapa.com.br,"insp.paragominas",participante,,"e-mail","não permitido",2016,2,29,8,55,49,Fuso horário padrão do Pacífico
insp.parauapebas@creapa.com.br,"insp.parauapebas",participante,,"e-mail","não permitido",2016,2,29,8,55,27,Fuso horário padrão do Pacífico
insp.redencao@creapa.com.br,"insp.redencao",participante,,"e-mail","não permitido",2016,2,29,9,9,59,Fuso horário padrão do Pacífico
insp.santarem@creapa.com.br,"insp.santarem",participante,,"e-mail","não permitido",2016,3,1,4,18,57,Fuso horário padrão do Pacífico
insp.tuc@creapa.com.br,,participante,,"e-mail","não permitido",2017,3,8,9,17,59,Fuso horário padrão do Pacífico
insp.xinguara@creapa.com.br,"insp.xinguara",participante,,"e-mail","não permitido",2016,3,1,4,46,45,Fuso horário padrão do Pacífico
migracaozimbra@creapa.com.br,,participante,,"e-mail","não permitido",2021,1,20,9,4,49,Fuso horário padrão do Pacífico
odilon@creapa.com.br,,proprietário,,"e-mail","permitido",2019,10,25,9,12,7,Fuso horário padrão do Pacífico
telma@creapa.com.br,"Telma Sardinha",proprietário,,"e-mail","permitido",2017,3,10,5,39,50,Fuso horário padrão do Pacífico
yasmimneves@creapa.com.br,,participante,,"e-mail","não permitido",2019,10,25,8,57,8,Fuso horário padrão do Pacífico