Participantes do grupo Inspetoria de Redenção
Endereço de e-mail,Apelido,Status do grupo,Status do e-mail,Preferência de e-mail,Permissões de postagem,Ano de inscrição,Mês de inscrição,Dia de inscrição,Hora de inscrição,Minuto de inscrição,Segundo de inscrição,Fuso horário
aline@cecillias.com.br,,banido,,"sem e-mail","não permitido",1969,12,31,16,0,0,Fuso horário padrão do Pacífico
amelia.martinez@newsmailmarketing.com.br,,banido,,"sem e-mail","não permitido",1969,12,31,16,0,0,Fuso horário padrão do Pacífico
bianca.rizzieri@brasecq.com.br,,banido,,"sem e-mail","não permitido",1969,12,31,16,0,0,Fuso horário padrão do Pacífico
concreto@cype.com.br,,banido,,"sem e-mail","não permitido",1969,12,31,16,0,0,Fuso horário padrão do Pacífico
construcao@multiplus.com,,banido,,"sem e-mail","não permitido",1969,12,31,16,0,0,Fuso horário padrão do Pacífico
contato3@adaptrh.com.br,,banido,,"sem e-mail","não permitido",1969,12,31,16,0,0,Fuso horário padrão do Pacífico
contato@emktcorporh.com.br,,banido,,"sem e-mail","não permitido",1969,12,31,16,0,0,Fuso horário padrão do Pacífico
contato@mkt-hilead.com.br,,banido,,"sem e-mail","não permitido",1969,12,31,16,0,0,Fuso horário padrão do Pacífico
contato@planosaudebelem.com,,banido,,"sem e-mail","não permitido",1969,12,31,16,0,0,Fuso horário padrão do Pacífico
contato@plasticosnoatacado.com.br,,banido,,"sem e-mail","não permitido",1969,12,31,16,0,0,Fuso horário padrão do Pacífico
contatos@agencia2026.com.br,,banido,devolvido,"sem e-mail","não permitido",1969,12,31,16,0,0,Fuso horário padrão do Pacífico
contatos@corretorpme.com.br,,banido,,"sem e-mail","não permitido",1969,12,31,16,0,0,Fuso horário padrão do Pacífico
cp@compraspromo.com.br,,banido,,"sem e-mail","não permitido",1969,12,31,16,0,0,Fuso horário padrão do Pacífico
dayany@creapa.com.br,"dayany",participante,,"e-mail","permitido",2016,2,29,9,9,20,Fuso horário padrão do Pacífico
eliane@creapa.com.br,,participante,,"e-mail","permitido",2020,9,14,5,19,30,Fuso horário padrão do Pacífico
floriano@creapa.com.br,"floriano",participante,,"e-mail","permitido",2016,2,29,9,9,20,Fuso horário padrão do Pacífico
hidraulica@multiplus.com,,banido,,"sem e-mail","não permitido",1969,12,31,16,0,0,Fuso horário padrão do Pacífico
Imagens.WhatsApp9581106@aabraz104.cloudapp.net,,banido,,"sem e-mail","não permitido",1969,12,31,16,0,0,Fuso horário padrão do Pacífico
insonize@hsiloan.com,,banido,,"sem e-mail","não permitido",1969,12,31,16,0,0,Fuso horário padrão do Pacífico
insp.santarem@creapa.com.br,,banido,,"sem e-mail","não permitido",1969,12,31,16,0,0,Fuso horário padrão do Pacífico
jd@jornaldesconto.com.br,,banido,,"sem e-mail","não permitido",1969,12,31,16,0,0,Fuso horário padrão do Pacífico
jkifhb@onlineordersnow.com,,banido,,"sem e-mail","não permitido",1969,12,31,16,0,0,Fuso horário padrão do Pacífico
luzia@creapa.com.br,"luzia",participante,,"e-mail","permitido",2016,2,29,9,13,31,Fuso horário padrão do Pacífico
mail@e-mobly.com.br,,banido,,"sem e-mail","não permitido",1969,12,31,16,0,0,Fuso horário padrão do Pacífico
migracaozimbra@creapa.com.br,,participante,,"e-mail","permitido",2021,1,20,9,4,9,Fuso horário padrão do Pacífico
mkt.etc3@gmail.com,,banido,,"sem e-mail","não permitido",1969,12,31,16,0,0,Fuso horário padrão do Pacífico
mktcampanhas1@gmail.com,,banido,,"sem e-mail","não permitido",1969,12,31,16,0,0,Fuso horário padrão do Pacífico
nutricao@suplementosnacionais.com.br,,banido,,"sem e-mail","não permitido",1969,12,31,16,0,0,Fuso horário padrão do Pacífico
onh@ofertasnahora.com.br,,banido,,"sem e-mail","não permitido",1969,12,31,16,0,0,Fuso horário padrão do Pacífico
send3@host2.up2saude.com.br,,banido,,"sem e-mail","não permitido",1969,12,31,16,0,0,Fuso horário padrão do Pacífico
syobjcph@hennigesautomotive.com,,banido,,"sem e-mail","não permitido",1969,12,31,16,0,0,Fuso horário padrão do Pacífico
vendas@cadeiraparaescritorio.ind.br,,banido,,"sem e-mail","não permitido",1969,12,31,16,0,0,Fuso horário padrão do Pacífico