Participantes do grupo Inspetoria de Oriximiná
Endereço de e-mail,Apelido,Status do grupo,Status do e-mail,Preferência de e-mail,Permissões de postagem,Ano de inscrição,Mês de inscrição,Dia de inscrição,Hora de inscrição,Minuto de inscrição,Segundo de inscrição,Fuso horário
adailadm1c25@terra.com.br,,banido,,"sem e-mail","não permitido",1969,12,31,16,0,0,Fuso horário padrão do Pacífico
admin@lojaindica.com.br,,banido,,"sem e-mail","não permitido",1969,12,31,16,0,0,Fuso horário padrão do Pacífico
amanda-sales@gmail.com215394,,banido,,"sem e-mail","não permitido",1969,12,31,16,0,0,Fuso horário padrão do Pacífico
amelia.martinez@newsmailmarketing.com.br,,banido,,"sem e-mail","não permitido",1969,12,31,16,0,0,Fuso horário padrão do Pacífico
amelia@newkconsulting.com.br,,banido,devolvido,"sem e-mail","não permitido",1969,12,31,16,0,0,Fuso horário padrão do Pacífico
atendimento@meirellesseguros.com.br,,banido,,"sem e-mail","não permitido",1969,12,31,16,0,0,Fuso horário padrão do Pacífico
centro.cultural@aracaju.se.gov.br,,banido,,"sem e-mail","não permitido",1969,12,31,16,0,0,Fuso horário padrão do Pacífico
cerimonial@aracaju.se.gov.br,,banido,,"sem e-mail","não permitido",1969,12,31,16,0,0,Fuso horário padrão do Pacífico
contato3@adaptrh.com.br,,banido,,"sem e-mail","não permitido",1969,12,31,16,0,0,Fuso horário padrão do Pacífico
contato@acontadeagua.com.br,,banido,devolvido,"sem e-mail","não permitido",1969,12,31,16,0,0,Fuso horário padrão do Pacífico
contato@aproveiteachance.com.br,,banido,,"sem e-mail","não permitido",1969,12,31,16,0,0,Fuso horário padrão do Pacífico
contato@bispobranco.com.br,,banido,devolvido,"sem e-mail","não permitido",1969,12,31,16,0,0,Fuso horário padrão do Pacífico
contato@divulguemelhor.com,,banido,,"sem e-mail","não permitido",1969,12,31,16,0,0,Fuso horário padrão do Pacífico
contato@ekamari.com.br,,banido,devolvido,"sem e-mail","não permitido",1969,12,31,16,0,0,Fuso horário padrão do Pacífico
contato@estruturasestrumon.com.br,,banido,,"sem e-mail","não permitido",1969,12,31,16,0,0,Fuso horário padrão do Pacífico
contato@kamari.ind.br,,banido,devolvido,"sem e-mail","não permitido",1969,12,31,16,0,0,Fuso horário padrão do Pacífico
contato@leadcapital.com.br,,banido,,"sem e-mail","não permitido",1969,12,31,16,0,0,Fuso horário padrão do Pacífico
contato@maileasy.com.br,,banido,devolvido,"sem e-mail","não permitido",1969,12,31,16,0,0,Fuso horário padrão do Pacífico
contato@mandrillapp.com.br,,banido,,"sem e-mail","não permitido",1969,12,31,16,0,0,Fuso horário padrão do Pacífico
contato@oyozz.com.br,,banido,,"sem e-mail","não permitido",1969,12,31,16,0,0,Fuso horário padrão do Pacífico
contato@plasticosnoatacado.com.br,,banido,,"sem e-mail","não permitido",1969,12,31,16,0,0,Fuso horário padrão do Pacífico
contato@spdway.com.br,,banido,,"sem e-mail","não permitido",1969,12,31,16,0,0,Fuso horário padrão do Pacífico
contato@torrepreta.com.br,,banido,,"sem e-mail","não permitido",1969,12,31,16,0,0,Fuso horário padrão do Pacífico
contato@vps2016-04.we.bs,,banido,,"sem e-mail","não permitido",1969,12,31,16,0,0,Fuso horário padrão do Pacífico
contatos@agencia2026.com.br,,banido,devolvido,"sem e-mail","não permitido",1969,12,31,16,0,0,Fuso horário padrão do Pacífico
contatos@corretorpme.com.br,,banido,,"sem e-mail","não permitido",1969,12,31,16,0,0,Fuso horário padrão do Pacífico
danielly.santana@aracaju.se.gov.br,,banido,,"sem e-mail","não permitido",1969,12,31,16,0,0,Fuso horário padrão do Pacífico
dois@gbrs.com.br,,banido,,"sem e-mail","não permitido",1969,12,31,16,0,0,Fuso horário padrão do Pacífico
edson.jr@corpalb.com.br,,banido,,"sem e-mail","não permitido",1969,12,31,16,0,0,Fuso horário padrão do Pacífico
eliane@creapa.com.br,,participante,,"e-mail","permitido",2020,9,14,5,18,39,Fuso horário padrão do Pacífico
email@publicmkt.com.br,,banido,devolvido,"sem e-mail","não permitido",1969,12,31,16,0,0,Fuso horário padrão do Pacífico
emissor@riksom.ru,,banido,,"sem e-mail","não permitido",1969,12,31,16,0,0,Fuso horário padrão do Pacífico
envio2@enviandonewsletter.com.br,,banido,,"sem e-mail","não permitido",1969,12,31,16,0,0,Fuso horário padrão do Pacífico
envio@centraldousuarioonline.com.br,,banido,,"sem e-mail","não permitido",1969,12,31,16,0,0,Fuso horário padrão do Pacífico
envios@a.publicidade-online.work,,banido,,"sem e-mail","não permitido",1969,12,31,16,0,0,Fuso horário padrão do Pacífico
envios@a.serv1.work,,banido,,"sem e-mail","não permitido",1969,12,31,16,0,0,Fuso horário padrão do Pacífico
equipe@mail.com.br,,banido,devolvido,"sem e-mail","não permitido",1969,12,31,16,0,0,Fuso horário padrão do Pacífico
estafeta@estafeta.srv.br,,banido,devolvido,"sem e-mail","não permitido",1969,12,31,16,0,0,Fuso horário padrão do Pacífico
fbr@fespabrasil.com.br,,banido,,"sem e-mail","não permitido",1969,12,31,16,0,0,Fuso horário padrão do Pacífico
fernandoatendente@dirtx1.com.br,,banido,,"sem e-mail","não permitido",1969,12,31,16,0,0,Fuso horário padrão do Pacífico
fernandoatendente@stackx.com.br,,banido,,"sem e-mail","não permitido",1969,12,31,16,0,0,Fuso horário padrão do Pacífico
gersonmartins19@gersoncursos19.mandou.com.br,,banido,,"sem e-mail","não permitido",1969,12,31,16,0,0,Fuso horário padrão do Pacífico
greenmail@greenmail.com.br,,banido,devolvido,"sem e-mail","não permitido",1969,12,31,16,0,0,Fuso horário padrão do Pacífico
Imagens.WhatsApp6774198@aabraz104.cloudapp.net,,banido,,"sem e-mail","não permitido",1969,12,31,16,0,0,Fuso horário padrão do Pacífico
inconn@inconn.com.br,,banido,devolvido,"sem e-mail","não permitido",1969,12,31,16,0,0,Fuso horário padrão do Pacífico
infoz@facebook.com,,banido,,"sem e-mail","não permitido",1969,12,31,16,0,0,Fuso horário padrão do Pacífico
insp.paragominas@creapa.com.br,,banido,,"sem e-mail","não permitido",1969,12,31,16,0,0,Fuso horário padrão do Pacífico
instlacerda@bol.com.br,,banido,,"sem e-mail","não permitido",1969,12,31,16,0,0,Fuso horário padrão do Pacífico
l.souza@lucianaenvia.com.br,,banido,,"sem e-mail","não permitido",1969,12,31,16,0,0,Fuso horário padrão do Pacífico
lsouza@lucplan.com.br,,banido,,"sem e-mail","não permitido",1969,12,31,16,0,0,Fuso horário padrão do Pacífico
luciana.souza@newsmailmarketing.com.br,,banido,devolvido,"sem e-mail","não permitido",1969,12,31,16,0,0,Fuso horário padrão do Pacífico
mail@chancedigital.com.br,,banido,,"sem e-mail","não permitido",1969,12,31,16,0,0,Fuso horário padrão do Pacífico
maria@newkconsulting.com.br,,banido,,"sem e-mail","não permitido",1969,12,31,16,0,0,Fuso horário padrão do Pacífico
marina.s@lucianaenvia.com.br,,banido,,"sem e-mail","não permitido",1969,12,31,16,0,0,Fuso horário padrão do Pacífico
migracaozimbra@creapa.com.br,,participante,,"e-mail","permitido",2021,1,20,9,3,0,Fuso horário padrão do Pacífico
mkt@mkteducacao.com.br,,banido,,"sem e-mail","não permitido",1969,12,31,16,0,0,Fuso horário padrão do Pacífico
nineway@mkt-nineway.com.br,,banido,,"sem e-mail","não permitido",1969,12,31,16,0,0,Fuso horário padrão do Pacífico
no-replay@otima-noticia.com.br,,banido,,"sem e-mail","não permitido",1969,12,31,16,0,0,Fuso horário padrão do Pacífico
noreply@sinat.tecla.com.br,,banido,devolvido,"sem e-mail","não permitido",1969,12,31,16,0,0,Fuso horário padrão do Pacífico
nota@riksom.ru,,banido,,"sem e-mail","não permitido",1969,12,31,16,0,0,Fuso horário padrão do Pacífico
polianasilva@creapa.com.br,,participante,,"e-mail","permitido",2020,3,26,8,0,13,Fuso horário padrão do Pacífico
portoseguro@midiaver.esy.es,,banido,,"sem e-mail","não permitido",1969,12,31,16,0,0,Fuso horário padrão do Pacífico
return@tera-idc.com.br,,banido,,"sem e-mail","não permitido",1969,12,31,16,0,0,Fuso horário padrão do Pacífico
rough.long2697@gmail.com,,banido,,"sem e-mail","não permitido",1969,12,31,16,0,0,Fuso horário padrão do Pacífico
send1@host5.cityseg.com.br,,banido,,"sem e-mail","não permitido",1969,12,31,16,0,0,Fuso horário padrão do Pacífico
send1@host5.nocrede100.com.br,,banido,,"sem e-mail","não permitido",1969,12,31,16,0,0,Fuso horário padrão do Pacífico
send@host6.up2saude.com.br,,banido,,"sem e-mail","não permitido",1969,12,31,16,0,0,Fuso horário padrão do Pacífico
send@host7.up2saude.com.br,,banido,,"sem e-mail","não permitido",1969,12,31,16,0,0,Fuso horário padrão do Pacífico
suasaude@temposaudavel.com.br,,banido,,"sem e-mail","não permitido",1969,12,31,16,0,0,Fuso horário padrão do Pacífico
suavida@suplementosnacionais.com.br,,banido,,"sem e-mail","não permitido",1969,12,31,16,0,0,Fuso horário padrão do Pacífico
swdagencia@outlook.com,,banido,,"sem e-mail","não permitido",1969,12,31,16,0,0,Fuso horário padrão do Pacífico