Participantes do grupo Inspetoria de Monte Alegre
Endereço de e-mail,Apelido,Status do grupo,Status do e-mail,Preferência de e-mail,Permissões de postagem,Ano de inscrição,Mês de inscrição,Dia de inscrição,Hora de inscrição,Minuto de inscrição,Segundo de inscrição,Fuso horário
alanlima@creapa.com.br,"alanlima",participante,,"e-mail","permitido",2016,2,29,8,39,25,Fuso horário padrão do Pacífico
eliane@creapa.com.br,,participante,,"e-mail","permitido",2020,9,14,5,18,5,Fuso horário padrão do Pacífico
lizsilva@creapa.com.br,,participante,,"e-mail","permitido",2020,3,26,7,57,49,Fuso horário padrão do Pacífico
migracaozimbra@creapa.com.br,,participante,,"e-mail","permitido",2021,1,20,9,2,54,Fuso horário padrão do Pacífico
ruicarvalho@creapa.com.br,"ruicarvalho",participante,,"e-mail","permitido",2016,2,29,8,39,25,Fuso horário padrão do Pacífico