Participantes do grupo Inspetoria de Santarém
Endereço de e-mail,Apelido,Status do grupo,Status do e-mail,Preferência de e-mail,Permissões de postagem,Ano de inscrição,Mês de inscrição,Dia de inscrição,Hora de inscrição,Minuto de inscrição,Segundo de inscrição,Fuso horário
adrianafalconeri@creapa.com.br,"adrianafalconeri",participante,,"e-mail","permitido",2016,2,29,9,29,8,Fuso horário padrão do Pacífico
cezarborgonove@creapa.com.br,,participante,,"e-mail","permitido",2020,12,30,8,40,52,Fuso horário padrão do Pacífico
eliane@creapa.com.br,,participante,,"e-mail","permitido",2020,9,14,5,19,44,Fuso horário padrão do Pacífico
erivaldo@creapa.com.br,"erivaldo",participante,,"e-mail","permitido",2016,2,29,9,32,23,Fuso horário padrão do Pacífico
eronilda@creapa.com.br,"eronilda",participante,,"e-mail","permitido",2016,2,29,9,29,8,Fuso horário padrão do Pacífico
fernandastm@creapa.com.br,"fernandastm",participante,,"e-mail","permitido",2016,2,29,9,29,8,Fuso horário padrão do Pacífico
josemiranda@creapa.com.br,"josemiranda",participante,,"e-mail","permitido",2016,2,29,9,32,23,Fuso horário padrão do Pacífico
migracaozimbra@creapa.com.br,,participante,,"e-mail","permitido",2021,1,20,9,4,15,Fuso horário padrão do Pacífico