Participantes do grupo Inspetoria de Tucurui
Endereço de e-mail,Apelido,Status do grupo,Status do e-mail,Preferência de e-mail,Permissões de postagem,Ano de inscrição,Mês de inscrição,Dia de inscrição,Hora de inscrição,Minuto de inscrição,Segundo de inscrição,Fuso horário
cleriston@creapa.com.br,"cleriston",participante,,"e-mail","permitido",2016,3,1,4,37,7,Fuso horário padrão do Pacífico
eliane@creapa.com.br,,participante,,"e-mail","permitido",2020,9,14,5,19,59,Fuso horário padrão do Pacífico
migracaozimbra@creapa.com.br,,participante,,"e-mail","permitido",2021,1,20,9,4,29,Fuso horário padrão do Pacífico
ruticileneribeiro@creapa.com.br,,participante,,"e-mail","permitido",2018,6,20,9,0,7,Fuso horário padrão do Pacífico
telma@creapa.com.br,"telma",participante,,"e-mail","permitido",2016,3,1,4,37,8,Fuso horário padrão do Pacífico