Participantes do grupo Inspetoria de Capanema
Endereço de e-mail,Apelido,Status do grupo,Status do e-mail,Preferência de e-mail,Permissões de postagem,Ano de inscrição,Mês de inscrição,Dia de inscrição,Hora de inscrição,Minuto de inscrição,Segundo de inscrição,Fuso horário
cleidianesilva@creapa.com.br,"cleidianesilva",participante,,"e-mail","permitido",2016,2,26,6,35,50,Fuso horário padrão do Pacífico
eliane@creapa.com.br,,participante,,"e-mail","permitido",2020,9,14,5,16,57,Fuso horário padrão do Pacífico
kleiton@creapa.com.br,"kleiton",participante,,"e-mail","permitido",2016,2,26,6,35,50,Fuso horário padrão do Pacífico
migracaozimbra@creapa.com.br,,participante,,"e-mail","permitido",2021,1,20,9,0,51,Fuso horário padrão do Pacífico