Participantes do grupo Inspetoria de Xinguara
Endereço de e-mail,Apelido,Status do grupo,Status do e-mail,Preferência de e-mail,Permissões de postagem,Ano de inscrição,Mês de inscrição,Dia de inscrição,Hora de inscrição,Minuto de inscrição,Segundo de inscrição,Fuso horário
eliane@creapa.com.br,,participante,,"e-mail","permitido",2020,9,14,5,20,11,Fuso horário padrão do Pacífico
felix@creapa.com.br,"felix",participante,,"e-mail","permitido",2016,3,1,4,46,4,Fuso horário padrão do Pacífico
migracaozimbra@creapa.com.br,,participante,,"e-mail","permitido",2021,1,20,9,4,35,Fuso horário padrão do Pacífico
xambearantes@creapa.com.br,,participante,,"e-mail","permitido",2018,6,20,9,3,28,Fuso horário padrão do Pacífico