Participantes do grupo Jurídico
Endereço de e-mail,Apelido,Status do grupo,Status do e-mail,Preferência de e-mail,Permissões de postagem,Ano de inscrição,Mês de inscrição,Dia de inscrição,Hora de inscrição,Minuto de inscrição,Segundo de inscrição,Fuso horário
cinthia@creapa.com.br,,proprietário,,"e-mail","permitido",2019,8,29,9,46,2,Fuso horário padrão do Pacífico
elianesilva@creapa.com.br,,participante,,"e-mail","permitido",2019,8,29,9,46,46,Fuso horário padrão do Pacífico
migracaozimbra@creapa.com.br,,participante,,"e-mail","permitido",2021,1,20,9,4,57,Fuso horário padrão do Pacífico
patrickqueiroz@creapa.com.br,,participante,,"e-mail","permitido",2019,8,29,9,46,46,Fuso horário padrão do Pacífico
paulomoraes@creapa.com.br,,participante,devolvido,"e-mail","não permitido",2019,8,29,9,46,46,Fuso horário padrão do Pacífico
sergio@creapa.com.br,,participante,,"e-mail","permitido",2019,8,29,9,46,46,Fuso horário padrão do Pacífico