Participantes do grupo LGPD
Endereço de e-mail,Apelido,Status do grupo,Status do e-mail,Preferência de e-mail,Permissões de postagem,Ano de inscrição,Mês de inscrição,Dia de inscrição,Hora de inscrição,Minuto de inscrição,Segundo de inscrição,Fuso horário
cinthia@creapa.com.br,,proprietário,,"e-mail","permitido",2019,12,6,6,57,41,Fuso horário padrão do Pacífico
cristianefranca@creapa.com.br,,participante,,"e-mail","não permitido",2020,6,24,10,5,26,Fuso horário padrão do Pacífico
doceu@creapa.com.br,,proprietário,,"e-mail","permitido",2019,12,6,6,57,41,Fuso horário padrão do Pacífico
marcelopantoja@creapa.com.br,,proprietário,,"e-mail","permitido",2019,12,6,6,57,41,Fuso horário padrão do Pacífico
mary@creapa.com.br,,proprietário,,"e-mail","permitido",2019,12,6,6,57,41,Fuso horário padrão do Pacífico
migracaozimbra@creapa.com.br,,participante,,"e-mail","não permitido",2021,1,20,9,5,4,Fuso horário padrão do Pacífico
rayfranpires@creapa.com.br,,proprietário,,"e-mail","permitido",2019,12,6,6,57,41,Fuso horário padrão do Pacífico