Participantes do grupo Mail CREA PA
Endereço de e-mail,Apelido,Status do grupo,Status do e-mail,Preferência de e-mail,Permissões de postagem,Ano de inscrição,Mês de inscrição,Dia de inscrição,Hora de inscrição,Minuto de inscrição,Segundo de inscrição,Fuso horário
/hd/domain/creapa.com.br,"creapa.com.br",participante,,"e-mail","não permitido",2016,2,11,4,49,41,Fuso horário padrão do Pacífico
alberto@creapa.com.br,,proprietário,,"e-mail","permitido",2020,12,4,3,19,12,Fuso horário padrão do Pacífico
auiniacavalcante@creapa.com.br,,participante,,"e-mail","não permitido",2020,12,7,3,31,46,Fuso horário padrão do Pacífico
cinthia@creapa.com.br,,proprietário,,"e-mail","permitido",2020,12,4,3,19,12,Fuso horário padrão do Pacífico
conceicao@creapa.com.br,,proprietário,,"e-mail","permitido",2020,12,4,3,19,12,Fuso horário padrão do Pacífico
julia@creapa.com.br,,proprietário,,"e-mail","permitido",2020,12,4,3,19,12,Fuso horário padrão do Pacífico
kleber@creapa.com.br,,proprietário,,"e-mail","permitido",2020,12,4,3,19,12,Fuso horário padrão do Pacífico
mauriciorocha@creapa.com.br,,proprietário,,"e-mail","permitido",2020,12,4,3,19,12,Fuso horário padrão do Pacífico
migracaozimbra@creapa.com.br,,participante,,"e-mail","não permitido",2021,1,20,10,28,35,Fuso horário padrão do Pacífico
paulobarbosa@creapa.com.br,,proprietário,,"e-mail","permitido",2020,12,4,3,19,12,Fuso horário padrão do Pacífico
rayfranpires@creapa.com.br,,proprietário,,"e-mail","permitido",2020,12,4,3,19,12,Fuso horário padrão do Pacífico
renato.milhomem@creapa.com.br,,proprietário,,"e-mail","permitido",2020,12,4,3,19,12,Fuso horário padrão do Pacífico
sousa@creapa.com.br,,proprietário,,"e-mail","permitido",2020,12,4,3,19,12,Fuso horário padrão do Pacífico