Participantes do grupo NTI - CREA PA
Endereço de e-mail,Apelido,Status do grupo,Status do e-mail,Preferência de e-mail,Permissões de postagem,Ano de inscrição,Mês de inscrição,Dia de inscrição,Hora de inscrição,Minuto de inscrição,Segundo de inscrição,Fuso horário
alberto@creapa.com.br,"alberto",participante,,"e-mail","permitido",2016,2,11,6,31,41,Fuso horário padrão do Pacífico
arissaniwa@creapa.com.br,"isaacmagno",participante,,"e-mail","permitido",2016,2,11,6,31,41,Fuso horário padrão do Pacífico
fabriciocordeiro@creapa.com.br,,participante,,"e-mail","permitido",2020,7,30,5,16,25,Fuso horário padrão do Pacífico
migracaozimbra@creapa.com.br,,participante,,"e-mail","permitido",2021,1,20,10,28,49,Fuso horário padrão do Pacífico
paulooliveira@creapa.com.br,,participante,,"e-mail","permitido",2019,7,15,5,11,35,Fuso horário padrão do Pacífico
rayfranpires@creapa.com.br,"brunofreitas",participante,,"e-mail","permitido",2016,2,11,6,31,41,Fuso horário padrão do Pacífico
yasmimneves@creapa.com.br,,participante,,"e-mail","permitido",2019,3,29,9,38,28,Fuso horário padrão do Pacífico