Participantes do grupo Ouvidoria
Endereço de e-mail,Apelido,Status do grupo,Status do e-mail,Preferência de e-mail,Permissões de postagem,Ano de inscrição,Mês de inscrição,Dia de inscrição,Hora de inscrição,Minuto de inscrição,Segundo de inscrição,Fuso horário
cristianefranca@creapa.com.br,,participante,,"e-mail","permitido",2020,6,24,10,3,23,Fuso horário padrão do Pacífico
marcelopantoja@creapa.com.br,,participante,,"e-mail","permitido",2021,1,5,8,19,45,Fuso horário padrão do Pacífico
migracaozimbra@creapa.com.br,,participante,,"e-mail","permitido",2021,1,20,10,29,3,Fuso horário padrão do Pacífico
raqueltavares@creapa.com.br,,participante,,"e-mail","permitido",2019,1,10,7,36,57,Fuso horário padrão do Pacífico