Participantes do grupo Reabertura Protocolo
Endereço de e-mail,Apelido,Status do grupo,Status do e-mail,Preferência de e-mail,Permissões de postagem,Ano de inscrição,Mês de inscrição,Dia de inscrição,Hora de inscrição,Minuto de inscrição,Segundo de inscrição,Fuso horário
adrianafalconeri@creapa.com.br,,participante,,"e-mail","permitido",2019,9,4,6,47,51,Fuso horário padrão do Pacífico
conceicao@creapa.com.br,,participante,,"e-mail","permitido",2018,4,6,9,33,30,Fuso horário padrão do Pacífico
heloisa@creapa.com.br,,participante,,"e-mail","permitido",2018,5,22,5,34,18,Fuso horário padrão do Pacífico
jaquelinelima@creapa.com.br,,participante,,"e-mail","permitido",2018,5,22,5,34,18,Fuso horário padrão do Pacífico
mauriliocastro@creapa.com.br,,participante,,"e-mail","permitido",2020,11,9,3,32,37,Fuso horário padrão do Pacífico
migracaozimbra@creapa.com.br,,participante,,"e-mail","permitido",2021,1,20,10,29,27,Fuso horário padrão do Pacífico
negreiros@creapa.com.br,,participante,,"e-mail","permitido",2019,12,10,8,24,10,Fuso horário padrão do Pacífico
vitoriafreitas@creapa.com.br,,participante,,"e-mail","permitido",2018,5,2,7,29,48,Fuso horário padrão do Pacífico