Participantes do grupo RH - CREA PA
Endereço de e-mail,Apelido,Status do grupo,Status do e-mail,Preferência de e-mail,Permissões de postagem,Ano de inscrição,Mês de inscrição,Dia de inscrição,Hora de inscrição,Minuto de inscrição,Segundo de inscrição,Fuso horário
anacavalcante@creapa.com.br,,participante,,"e-mail","permitido",2020,8,25,6,19,20,Fuso horário padrão do Pacífico
analuzia@creapa.com.br,"analuzia",participante,,"e-mail","permitido",2016,2,11,6,30,25,Fuso horário padrão do Pacífico
igorluz@creapa.com.br,,participante,,"e-mail","permitido",2020,9,15,8,17,14,Fuso horário padrão do Pacífico
julia@creapa.com.br,,participante,,"e-mail","permitido",2020,4,3,6,11,38,Fuso horário padrão do Pacífico
mauriciorocha@creapa.com.br,,participante,,"e-mail","permitido",2020,6,24,10,1,44,Fuso horário padrão do Pacífico
migracaozimbra@creapa.com.br,,participante,,"e-mail","permitido",2021,1,20,10,29,34,Fuso horário padrão do Pacífico
odir@creapa.com.br,"odir",participante,,"e-mail","permitido",2016,2,11,6,30,9,Fuso horário padrão do Pacífico
paulobarbosa@creapa.com.br,,participante,,"e-mail","permitido",2020,6,24,10,2,34,Fuso horário padrão do Pacífico
tuanenegrao@creapa.com.br,,participante,,"e-mail","permitido",2020,9,15,8,16,16,Fuso horário padrão do Pacífico