Participantes do grupo teste
Endereço de e-mail,Apelido,Status do grupo,Status do e-mail,Preferência de e-mail,Permissões de postagem,Ano de inscrição,Mês de inscrição,Dia de inscrição,Hora de inscrição,Minuto de inscrição,Segundo de inscrição,Fuso horário
andresantos@creapa.com.br,,participante,,"e-mail","permitido",2019,2,15,7,24,17,Fuso horário padrão do Pacífico
arissaniwa@creapa.com.br,,participante,,"e-mail","permitido",2019,2,15,7,24,17,Fuso horário padrão do Pacífico
michelleveras@creapa.com.br,,participante,,"e-mail","permitido",2019,2,15,7,24,17,Fuso horário padrão do Pacífico
migracaozimbra@creapa.com.br,,participante,,"e-mail","permitido",2021,1,20,10,29,50,Fuso horário padrão do Pacífico